vessel_id,timestamp,latitude,longitude,speed,heading
VESSEL_A,2026-09-01T20:30:00Z,25.3220,54.4880,12,90
VESSEL_A,2026-09-01T20:45:00Z,25.3221,54.4888,12,90
VESSEL_B,2026-09-01T20:50:00Z,25.3300,54.5000,10,85
VESSEL_C,2026-09-01T20:40:00Z,25.3000,54.4500,11,270
VESSEL_D,2026-09-01T20:10:00Z,25.6000,54.7000,9,180
VESSEL_E,2026-09-01T22:00:00Z,25.1000,54.2000,8,180
SYNTH_VESSEL_01,2026-09-01T20:11:05Z,25.809635,55.003351,12.4,219.5
SYNTH_VESSEL_01,2026-09-01T20:15:05Z,25.799058,54.993706,12.5,217.7
SYNTH_VESSEL_01,2026-09-01T20:19:05Z,25.788106,54.984332,12.5,216.0
SYNTH_VESSEL_01,2026-09-01T20:23:05Z,25.776924,54.975330,12.5,214.2
SYNTH_VESSEL_01,2026-09-01T20:27:05Z,25.765432,54.966690,12.6,212.6
SYNTH_VESSEL_01,2026-09-01T20:31:05Z,25.753635,54.958332,12.5,211.3
SYNTH_VESSEL_01,2026-09-01T20:35:05Z,25.741760,54.950323,12.6,209.7
SYNTH_VESSEL_01,2026-09-01T20:39:05Z,25.729620,54.942662,12.7,207.5
SYNTH_VESSEL_01,2026-09-01T20:43:05Z,25.717088,54.935437,12.9,205.2
SYNTH_VESSEL_01,2026-09-01T20:47:05Z,25.704155,54.928694,12.8,203.9
SYNTH_VESSEL_01,2026-09-01T20:51:05Z,25.691131,54.922310,12.8,201.9
SYNTH_VESSEL_01,2026-09-01T20:55:05Z,25.677927,54.916424,12.9,200.2
SYNTH_VESSEL_01,2026-09-01T20:59:05Z,25.664509,54.910950,13.0,198.2
SYNTH_VESSEL_01,2026-09-01T21:03:05Z,25.650841,54.905971,13.1,196.1
SYNTH_VESSEL_01,2026-09-01T21:07:05Z,25.636901,54.901511,13.0,194.6
SYNTH_VESSEL_01,2026-09-01T21:11:05Z,25.622901,54.897486,12.9,192.2
SYNTH_VESSEL_01,2026-09-01T21:15:05Z,25.608870,54.894119,13.0,190.5
SYNTH_VESSEL_01,2026-09-01T21:19:05Z,25.594713,54.891212,13.0,188.6
SYNTH_VESSEL_01,2026-09-01T21:23:05Z,25.580415,54.888824,13.2,186.5
SYNTH_VESSEL_01,2026-09-01T21:27:05Z,25.565917,54.887009,13.1,184.1
SYNTH_VESSEL_01,2026-09-01T21:31:05Z,25.551458,54.885852,13.1,182.8
SYNTH_VESSEL_01,2026-09-01T21:35:05Z,25.536943,54.885062,13.1,180.5
SYNTH_VESSEL_01,2026-09-01T21:39:05Z,25.522387,54.884910,13.1,178.8
SYNTH_VESSEL_01,2026-09-01T21:43:05Z,25.507915,54.885242,13.1,177.1
SYNTH_VESSEL_01,2026-09-01T21:47:05Z,25.493459,54.886057,13.0,174.9
SYNTH_VESSEL_01,2026-09-01T21:51:05Z,25.479153,54.887466,12.8,172.9
SYNTH_VESSEL_01,2026-09-01T21:55:05Z,25.465022,54.889421,12.9,170.6
SYNTH_VESSEL_01,2026-09-01T21:59:05Z,25.450868,54.891997,13.0,168.4
SYNTH_VESSEL_01,2026-09-01T22:03:05Z,25.436768,54.895201,13.1,166.3
SYNTH_VESSEL_01,2026-09-01T22:07:05Z,25.422699,54.898977,13.0,164.1
SYNTH_VESSEL_01,2026-09-01T22:11:05Z,25.408851,54.903346,12.9,162.2
SYNTH_VESSEL_01,2026-09-01T22:15:05Z,25.395179,54.908184,12.9,160.7
SYNTH_VESSEL_01,2026-09-01T22:19:05Z,25.381644,54.913431,12.9,159.2
SYNTH_VESSEL_01,2026-09-01T22:23:05Z,25.368241,54.919041,12.8,157.1
SYNTH_VESSEL_01,2026-09-01T22:27:05Z,25.355183,54.925121,12.6,155.4
SYNTH_VESSEL_01,2026-09-01T22:31:05Z,25.342447,54.931553,12.6,153.7
SYNTH_VESSEL_01,2026-09-01T22:35:05Z,25.329896,54.938401,12.5,151.8
SYNTH_VESSEL_01,2026-09-01T22:39:05Z,25.317639,54.945665,12.5,149.4
SYNTH_VESSEL_01,2026-09-01T22:43:05Z,25.305738,54.953426,12.4,147.4
SYNTH_VESSEL_01,2026-09-01T22:47:05Z,25.294127,54.961614,12.5,145.2
SYNTH_VESSEL_01,2026-09-01T22:51:05Z,25.282756,54.970336,12.4,143.0
SYNTH_VESSEL_01,2026-09-01T22:55:05Z,25.271780,54.979471,12.4,140.7
SYNTH_VESSEL_01,2026-09-01T22:59:05Z,25.261134,54.989083,12.3,139.4
SYNTH_VESSEL_01,2026-09-01T23:03:05Z,25.250751,54.998898,12.4,137.7
SYNTH_VESSEL_01,2026-09-01T23:07:05Z,25.240547,55.009143,12.4,136.2
SYNTH_VESSEL_01,2026-09-01T23:11:05Z,25.230630,55.019636,12.5,134.6
SYNTH_VESSEL_01,2026-09-01T23:15:05Z,25.220885,55.030533,12.6,132.8
SYNTH_VESSEL_01,2026-09-01T23:19:05Z,25.211417,55.041799,12.6,130.9
SYNTH_VESSEL_01,2026-09-01T23:23:05Z,25.202232,55.053490,12.7,129.1
SYNTH_VESSEL_01,2026-09-01T23:27:05Z,25.193373,55.065526,12.7,126.8
SYNTH_VESSEL_01,2026-09-01T23:31:05Z,25.184909,55.077981,12.7,124.9
SYNTH_VESSEL_01,2026-09-01T23:35:05Z,25.176836,55.090733,12.7,123.3
SYNTH_VESSEL_01,2026-09-01T23:39:05Z,25.169105,55.103690,12.5,121.1
SYNTH_VESSEL_01,2026-09-01T23:43:05Z,25.161920,55.116814,12.5,119.8
SYNTH_VESSEL_01,2026-09-01T23:47:05Z,25.155047,55.130045,12.4,117.7
SYNTH_VESSEL_01,2026-09-01T23:51:05Z,25.148637,55.143494,12.4,115.6
SYNTH_VESSEL_01,2026-09-01T23:55:05Z,25.142679,55.157210,12.5,113.9
SYNTH_VESSEL_01,2026-09-01T23:59:05Z,25.137068,55.171179,12.4,111.9
SYNTH_VESSEL_01,2026-09-02T00:03:05Z,25.131941,55.185208,12.4,110.0
SYNTH_VESSEL_01,2026-09-02T00:07:05Z,25.127220,55.199497,12.4,108.7
SYNTH_VESSEL_01,2026-09-02T00:11:05Z,25.122809,55.213834,12.3,106.7
SYNTH_VESSEL_01,2026-09-02T00:15:05Z,25.118895,55.228184,12.4,104.8
SYNTH_VESSEL_01,2026-09-02T00:19:05Z,25.115393,55.242808,12.4,103.3
SYNTH_VESSEL_01,2026-09-02T00:23:05Z,25.112239,55.257552,12.3,101.6
SYNTH_VESSEL_01,2026-09-02T00:27:05Z,25.109498,55.272307,12.4,99.6
SYNTH_VESSEL_01,2026-09-02T00:31:05Z,25.107213,55.287216,12.4,97.7
SYNTH_VESSEL_01,2026-09-02T00:35:05Z,25.105372,55.302235,12.3,96.4
SYNTH_VESSEL_01,2026-09-02T00:39:05Z,25.103851,55.317116,12.2,94.1
SYNTH_VESSEL_01,2026-09-02T00:43:05Z,25.102876,55.332042,12.1,91.9
SYNTH_VESSEL_01,2026-09-02T00:47:05Z,25.102422,55.346832,12.0,90.4
SYNTH_VESSEL_01,2026-09-02T00:51:05Z,25.102336,55.361505,11.9,89.0
SYNTH_VESSEL_01,2026-09-02T00:55:05Z,25.102575,55.376072,12.0,87.4
SYNTH_VESSEL_01,2026-09-02T00:59:05Z,25.103185,55.390762,12.0,86.1
SYNTH_VESSEL_01,2026-09-02T01:03:05Z,25.104092,55.405393,11.9,83.9
SYNTH_VESSEL_01,2026-09-02T01:07:05Z,25.105498,55.419835,11.9,82.4
SYNTH_VESSEL_01,2026-09-02T01:11:05Z,25.107236,55.434205,11.9,80.1
SYNTH_VESSEL_01,2026-09-02T01:15:05Z,25.109506,55.448566,11.8,78.3
SYNTH_VESSEL_01,2026-09-02T01:19:05Z,25.112161,55.462725,11.8,76.8
SYNTH_VESSEL_01,2026-09-02T01:23:05Z,25.115158,55.476793,11.7,75.2
SYNTH_VESSEL_01,2026-09-02T01:27:05Z,25.118476,55.490638,11.7,73.5
SYNTH_VESSEL_02,2026-09-01T16:44:49Z,25.382734,54.520206,12.9,222.0
SYNTH_VESSEL_02,2026-09-01T16:48:49Z,25.372106,54.509604,12.9,221.1
SYNTH_VESSEL_02,2026-09-01T16:52:49Z,25.361297,54.499151,13.0,220.4
SYNTH_VESSEL_02,2026-09-01T16:56:49Z,25.350298,54.488804,13.0,220.0
SYNTH_VESSEL_02,2026-09-01T17:00:49Z,25.339220,54.478511,13.0,219.2
SYNTH_VESSEL_02,2026-09-01T17:04:49Z,25.328021,54.468406,13.0,218.4
SYNTH_VESSEL_02,2026-09-01T17:08:49Z,25.316769,54.458525,12.9,218.0
SYNTH_VESSEL_02,2026-09-01T17:12:49Z,25.305462,54.448764,12.8,217.2
SYNTH_VESSEL_02,2026-09-01T17:16:49Z,25.294105,54.439246,12.9,216.0
SYNTH_VESSEL_02,2026-09-01T17:20:49Z,25.282530,54.429941,12.8,215.6
SYNTH_VESSEL_02,2026-09-01T17:24:49Z,25.270993,54.420822,12.7,215.2
SYNTH_VESSEL_02,2026-09-01T17:28:49Z,25.259478,54.411826,12.6,214.9
SYNTH_VESSEL_02,2026-09-01T17:32:49Z,25.248022,54.402985,12.5,213.8
SYNTH_VESSEL_02,2026-09-01T17:36:49Z,25.236516,54.394455,12.3,213.5
SYNTH_VESSEL_02,2026-09-01T17:40:49Z,25.225094,54.386112,12.3,212.7
SYNTH_VESSEL_02,2026-09-01T17:44:49Z,25.213583,54.377938,12.2,212.4
SYNTH_VESSEL_02,2026-09-01T17:48:49Z,25.202120,54.369893,12.3,211.2
SYNTH_VESSEL_02,2026-09-01T17:52:49Z,25.190411,54.362063,12.4,210.7
SYNTH_VESSEL_02,2026-09-01T17:56:49Z,25.178552,54.354290,12.5,210.1
SYNTH_VESSEL_02,2026-09-01T18:00:49Z,25.166537,54.346598,12.4,209.8
SYNTH_VESSEL_02,2026-09-01T18:04:49Z,25.154559,54.339016,12.5,209.1
SYNTH_VESSEL_02,2026-09-01T18:08:49Z,25.142408,54.331537,12.6,208.0
SYNTH_VESSEL_02,2026-09-01T18:12:49Z,25.130104,54.324299,12.7,206.8
SYNTH_VESSEL_02,2026-09-01T18:16:49Z,25.117582,54.317305,12.5,205.7
SYNTH_VESSEL_02,2026-09-01T18:20:49Z,25.105079,54.310648,12.6,204.8
SYNTH_VESSEL_02,2026-09-01T18:24:49Z,25.092442,54.304197,12.5,203.7
SYNTH_VESSEL_02,2026-09-01T18:28:49Z,25.079760,54.298055,12.5,202.4
SYNTH_VESSEL_02,2026-09-01T18:32:49Z,25.066910,54.292198,12.6,202.0
SYNTH_VESSEL_02,2026-09-01T18:36:49Z,25.053958,54.286421,12.6,201.0
SYNTH_VESSEL_02,2026-09-01T18:40:49Z,25.040935,54.280897,12.4,200.6
SYNTH_VESSEL_02,2026-09-01T18:44:49Z,25.028017,54.275547,12.4,199.4
SYNTH_VESSEL_02,2026-09-01T18:48:49Z,25.015008,54.270479,12.5,198.9
SYNTH_VESSEL_02,2026-09-01T18:52:49Z,25.001936,54.265536,12.5,197.8
SYNTH_VESSEL_02,2026-09-01T18:56:49Z,24.988744,54.260853,12.5,197.0
SYNTH_VESSEL_02,2026-09-01T19:00:49Z,24.975492,54.256376,12.5,196.2
SYNTH_VESSEL_02,2026-09-01T19:04:49Z,24.962173,54.252101,12.4,195.1
SYNTH_VESSEL_02,2026-09-01T19:08:49Z,24.948859,54.248151,12.5,194.6
SYNTH_VESSEL_02,2026-09-01T19:12:49Z,24.935429,54.244298,12.4,193.6
SYNTH_VESSEL_02,2026-09-01T19:16:49Z,24.922028,54.240737,12.5,193.0
SYNTH_VESSEL_02,2026-09-01T19:20:49Z,24.908489,54.237286,12.5,191.8
SYNTH_VESSEL_02,2026-09-01T19:24:49Z,24.894951,54.234165,12.6,191.2
SYNTH_VESSEL_02,2026-09-01T19:28:49Z,24.881227,54.231162,12.7,190.2
SYNTH_VESSEL_02,2026-09-01T19:32:49Z,24.867309,54.228416,12.7,189.2
SYNTH_VESSEL_02,2026-09-01T19:36:49Z,24.853395,54.225922,12.7,188.6
SYNTH_VESSEL_02,2026-09-01T19:40:49Z,24.839430,54.223602,12.7,187.9
SYNTH_VESSEL_02,2026-09-01T19:44:49Z,24.825467,54.221467,12.8,187.3
SYNTH_VESSEL_02,2026-09-01T19:48:49Z,24.811341,54.219471,12.9,186.3
SYNTH_VESSEL_02,2026-09-01T19:52:49Z,24.797074,54.217734,13.1,185.8
SYNTH_VESSEL_02,2026-09-01T19:56:49Z,24.782642,54.216127,13.0,184.7
SYNTH_VESSEL_02,2026-09-01T20:00:49Z,24.768287,54.214836,12.9,183.8
SYNTH_VESSEL_02,2026-09-01T20:04:49Z,24.753998,54.213799,12.9,182.6
SYNTH_VESSEL_02,2026-09-01T20:08:49Z,24.739717,54.213072,13.0,182.1
SYNTH_VESSEL_02,2026-09-01T20:12:49Z,24.725299,54.212481,13.1,181.0
SYNTH_VESSEL_02,2026-09-01T20:16:49Z,24.710772,54.212197,13.0,180.0
SYNTH_VESSEL_02,2026-09-01T20:20:49Z,24.696331,54.212202,12.9,179.0
SYNTH_VESSEL_02,2026-09-01T20:24:49Z,24.682031,54.212481,12.8,178.2
SYNTH_VESSEL_02,2026-09-01T20:28:49Z,24.667805,54.212964,12.8,177.2
SYNTH_VESSEL_02,2026-09-01T20:32:49Z,24.653613,54.213739,12.8,176.5
SYNTH_VESSEL_02,2026-09-01T20:36:49Z,24.639417,54.214699,12.9,176.1
SYNTH_VESSEL_02,2026-09-01T20:40:49Z,24.625169,54.215776,12.8,175.4
SYNTH_VESSEL_02,2026-09-01T20:44:49Z,24.611057,54.217029,12.6,175.1
SYNTH_VESSEL_02,2026-09-01T20:48:49Z,24.597116,54.218348,12.5,174.0
SYNTH_VESSEL_02,2026-09-01T20:52:49Z,24.583279,54.219955,12.5,173.3
SYNTH_VESSEL_02,2026-09-01T20:56:49Z,24.569519,54.221732,12.5,172.5
SYNTH_VESSEL_02,2026-09-01T21:00:49Z,24.555740,54.223737,12.6,171.4
SYNTH_VESSEL_02,2026-09-01T21:04:49Z,24.541891,54.226035,12.5,170.5
SYNTH_VESSEL_02,2026-09-01T21:08:49Z,24.528164,54.228566,12.5,169.7
SYNTH_VESSEL_02,2026-09-01T21:12:49Z,24.514525,54.231282,12.5,169.4
SYNTH_VESSEL_02,2026-09-01T21:16:49Z,24.500934,54.234067,12.6,168.8
SYNTH_VESSEL_02,2026-09-01T21:20:49Z,24.487261,54.237053,12.7,167.9
SYNTH_VESSEL_02,2026-09-01T21:24:49Z,24.473535,54.240294,12.6,167.3
SYNTH_VESSEL_02,2026-09-01T21:28:49Z,24.459943,54.243665,12.6,166.1
SYNTH_VESSEL_02,2026-09-01T21:32:49Z,24.446344,54.247368,12.6,164.8
SYNTH_VESSEL_02,2026-09-01T21:36:49Z,24.432912,54.251383,12.5,163.5
SYNTH_VESSEL_02,2026-09-01T21:40:49Z,24.419670,54.255689,12.4,162.2
SYNTH_VESSEL_02,2026-09-01T21:44:49Z,24.406580,54.260298,12.3,161.2
SYNTH_VESSEL_02,2026-09-01T21:48:49Z,24.393651,54.265133,12.3,160.0
SYNTH_VESSEL_02,2026-09-01T21:52:49Z,24.380861,54.270231,12.2,159.7
SYNTH_VESSEL_02,2026-09-01T21:56:49Z,24.368127,54.275391,12.3,158.9
SYNTH_VESSEL_02,2026-09-01T22:00:49Z,24.355361,54.280785,12.4,157.9
SYNTH_VESSEL_03,2026-09-01T13:54:20Z,25.493414,54.337022,13.8,324.3
SYNTH_VESSEL_03,2026-09-01T13:58:20Z,25.505800,54.327159,13.8,322.4
SYNTH_VESSEL_03,2026-09-01T14:02:20Z,25.517921,54.316796,13.7,320.5
SYNTH_VESSEL_03,2026-09-01T14:06:20Z,25.529677,54.306055,13.8,318.6
SYNTH_VESSEL_03,2026-09-01T14:10:20Z,25.541171,54.294827,13.8,316.3
SYNTH_VESSEL_03,2026-09-01T14:14:20Z,25.552213,54.283129,13.6,314.8
SYNTH_VESSEL_03,2026-09-01T14:18:20Z,25.562885,54.271230,13.6,312.7
SYNTH_VESSEL_03,2026-09-01T14:22:20Z,25.573119,54.258927,13.5,311.0
SYNTH_VESSEL_03,2026-09-01T14:26:20Z,25.582966,54.246374,13.4,308.9
SYNTH_VESSEL_03,2026-09-01T14:30:20Z,25.592303,54.233563,13.5,306.8
SYNTH_VESSEL_03,2026-09-01T14:34:20Z,25.601253,54.220290,13.6,304.5
SYNTH_VESSEL_03,2026-09-01T14:38:20Z,25.609770,54.206550,13.5,302.8
SYNTH_VESSEL_03,2026-09-01T14:42:20Z,25.617901,54.192553,13.4,301.4
SYNTH_VESSEL_03,2026-09-01T14:46:20Z,25.625656,54.178486,13.4,299.5
SYNTH_VESSEL_03,2026-09-01T14:50:20Z,25.632980,54.164130,13.3,297.9
SYNTH_VESSEL_03,2026-09-01T14:54:20Z,25.639871,54.149717,13.2,296.1
SYNTH_VESSEL_03,2026-09-01T14:58:20Z,25.646326,54.135110,13.1,294.2
SYNTH_VESSEL_03,2026-09-01T15:02:20Z,25.652281,54.120402,13.0,292.8
SYNTH_VESSEL_03,2026-09-01T15:06:20Z,25.657872,54.105645,12.9,291.1
SYNTH_VESSEL_03,2026-09-01T15:10:20Z,25.663012,54.090882,12.9,289.4
SYNTH_VESSEL_03,2026-09-01T15:14:20Z,25.667777,54.075873,12.9,287.7
SYNTH_VESSEL_03,2026-09-01T15:18:20Z,25.672126,54.060793,12.8,285.7
SYNTH_VESSEL_03,2026-09-01T15:22:20Z,25.675950,54.045670,12.6,283.5
SYNTH_VESSEL_03,2026-09-01T15:26:20Z,25.679225,54.030540,12.7,281.5
SYNTH_VESSEL_03,2026-09-01T15:30:20Z,25.682038,54.015189,12.7,279.2
SYNTH_VESSEL_03,2026-09-01T15:34:20Z,25.684294,53.999811,12.8,277.1
SYNTH_VESSEL_03,2026-09-01T15:38:20Z,25.686056,53.984194,12.8,275.0
SYNTH_VESSEL_03,2026-09-01T15:42:20Z,25.687287,53.968446,12.7,273.4
SYNTH_VESSEL_03,2026-09-01T15:46:20Z,25.688129,53.952843,12.7,271.6
SYNTH_VESSEL_03,2026-09-01T15:50:20Z,25.688523,53.937206,12.8,269.6
SYNTH_VESSEL_03,2026-09-01T15:54:20Z,25.688414,53.921454,12.8,267.7
SYNTH_VESSEL_03,2026-09-01T15:58:20Z,25.687838,53.905747,12.7,265.4
SYNTH_VESSEL_03,2026-09-01T16:02:20Z,25.686703,53.890185,12.6,264.1
SYNTH_VESSEL_03,2026-09-01T16:06:20Z,25.685257,53.874715,12.6,262.6
SYNTH_VESSEL_03,2026-09-01T16:10:20Z,25.683448,53.859278,12.8,261.3
SYNTH_VESSEL_03,2026-09-01T16:14:20Z,25.681303,53.843764,12.8,258.9
SYNTH_VESSEL_03,2026-09-01T16:18:20Z,25.678579,53.828304,12.7,257.6
SYNTH_VESSEL_03,2026-09-01T16:22:20Z,25.675549,53.813002,12.7,255.4
SYNTH_VESSEL_03,2026-09-01T16:26:20Z,25.671988,53.797854,12.6,253.9
SYNTH_VESSEL_03,2026-09-01T16:30:20Z,25.668110,53.782952,12.5,252.3
SYNTH_VESSEL_03,2026-09-01T16:34:20Z,25.663886,53.768270,12.6,249.9
SYNTH_VESSEL_03,2026-09-01T16:38:20Z,25.659101,53.753735,12.7,248.1
SYNTH_VESSEL_03,2026-09-01T16:42:20Z,25.653859,53.739271,12.8,246.5
SYNTH_VESSEL_03,2026-09-01T16:46:20Z,25.648189,53.724826,12.7,244.9
SYNTH_VESSEL_03,2026-09-01T16:50:20Z,25.642184,53.710633,12.7,243.1
SYNTH_VESSEL_03,2026-09-01T16:54:20Z,25.635831,53.696754,12.6,240.8
SYNTH_VESSEL_03,2026-09-01T16:58:20Z,25.629040,53.683258,12.4,239.3
SYNTH_VESSEL_03,2026-09-01T17:02:20Z,25.622004,53.670111,12.3,237.5
SYNTH_VESSEL_03,2026-09-01T17:06:20Z,25.614654,53.657336,12.2,235.7
SYNTH_VESSEL_03,2026-09-01T17:10:20Z,25.607010,53.644931,12.2,233.8
SYNTH_VESSEL_03,2026-09-01T17:14:20Z,25.599007,53.632790,12.2,232.1
SYNTH_VESSEL_03,2026-09-01T17:18:20Z,25.590694,53.620940,12.2,230.3
SYNTH_VESSEL_03,2026-09-01T17:22:20Z,25.582055,53.609400,12.2,228.9
SYNTH_VESSEL_03,2026-09-01T17:26:20Z,25.573188,53.598137,12.0,227.6
SYNTH_VESSEL_03,2026-09-01T17:30:20Z,25.564204,53.587231,12.2,225.7
SYNTH_VESSEL_03,2026-09-01T17:34:20Z,25.554784,53.576544,12.3,223.7
SYNTH_VESSEL_03,2026-09-01T17:38:20Z,25.544948,53.566138,12.3,222.3
SYNTH_VESSEL_03,2026-09-01T17:42:20Z,25.534843,53.555966,12.2,220.7
SYNTH_VESSEL_03,2026-09-01T17:46:20Z,25.524584,53.546173,12.3,218.7
SYNTH_VESSEL_03,2026-09-01T17:50:20Z,25.513930,53.536703,12.4,216.5
SYNTH_VESSEL_03,2026-09-01T17:54:20Z,25.502845,53.527614,12.4,214.4
SYNTH_VESSEL_03,2026-09-01T17:58:20Z,25.491526,53.519043,12.3,212.9
SYNTH_VESSEL_03,2026-09-01T18:02:20Z,25.480063,53.510827,12.5,211.1
SYNTH_VESSEL_03,2026-09-01T18:06:20Z,25.468232,53.502937,12.6,209.3
SYNTH_VESSEL_03,2026-09-01T18:10:20Z,25.456058,53.495368,12.5,207.7
SYNTH_VESSEL_03,2026-09-01T18:14:20Z,25.443796,53.488252,12.5,205.8
SYNTH_VESSEL_03,2026-09-01T18:18:20Z,25.431281,53.481558,12.6,203.8
SYNTH_VESSEL_03,2026-09-01T18:22:20Z,25.418445,53.475296,12.6,202.2
SYNTH_VESSEL_03,2026-09-01T18:26:20Z,25.405503,53.469446,12.6,200.0
SYNTH_VESSEL_03,2026-09-01T18:30:20Z,25.392355,53.464154,12.6,198.3
SYNTH_VESSEL_03,2026-09-01T18:34:20Z,25.379041,53.459287,12.6,197.0
SYNTH_VESSEL_03,2026-09-01T18:38:20Z,25.365706,53.454787,12.5,195.1
SYNTH_VESSEL_03,2026-09-01T18:42:20Z,25.352290,53.450772,12.5,193.0
SYNTH_VESSEL_03,2026-09-01T18:46:20Z,25.338808,53.447340,12.4,191.2
SYNTH_VESSEL_03,2026-09-01T18:50:20Z,25.325293,53.444368,12.4,189.5
SYNTH_VESSEL_03,2026-09-01T18:54:20Z,25.311722,53.441867,12.4,187.4
SYNTH_VESSEL_03,2026-09-01T18:58:20Z,25.298098,53.439914,12.3,185.8
SYNTH_VESSEL_03,2026-09-01T19:02:20Z,25.284575,53.438398,12.3,184.5
SYNTH_VESSEL_03,2026-09-01T19:06:20Z,25.270964,53.437221,12.4,183.1
SYNTH_VESSEL_03,2026-09-01T19:10:20Z,25.257201,53.436409,12.4,181.0
SYNTH_VESSEL_04,2026-09-01T19:42:47Z,25.453560,54.255004,12.2,280.6
SYNTH_VESSEL_04,2026-09-01T19:46:47Z,25.456038,54.240309,12.3,279.9
SYNTH_VESSEL_04,2026-09-01T19:50:47Z,25.458370,54.225453,12.4,279.2
SYNTH_VESSEL_04,2026-09-01T19:54:47Z,25.460559,54.210470,12.4,278.4
SYNTH_VESSEL_04,2026-09-01T19:58:47Z,25.462556,54.195405,12.5,276.7
SYNTH_VESSEL_04,2026-09-01T20:02:47Z,25.464173,54.180140,12.5,275.9
SYNTH_VESSEL_04,2026-09-01T20:06:47Z,25.465587,54.164878,12.4,274.9
SYNTH_VESSEL_04,2026-09-01T20:10:47Z,25.466753,54.149717,12.4,274.0
SYNTH_VESSEL_04,2026-09-01T20:14:47Z,25.467724,54.134470,12.3,273.3
SYNTH_VESSEL_04,2026-09-01T20:18:47Z,25.468512,54.119336,12.3,272.4
SYNTH_VESSEL_04,2026-09-01T20:22:47Z,25.469085,54.104243,12.2,270.8
SYNTH_VESSEL_04,2026-09-01T20:26:47Z,25.469279,54.089219,12.3,269.8
SYNTH_VESSEL_04,2026-09-01T20:30:47Z,25.469242,54.074159,12.4,268.2
SYNTH_VESSEL_04,2026-09-01T20:34:47Z,25.468821,54.058960,12.3,267.4
SYNTH_VESSEL_04,2026-09-01T20:38:47Z,25.468205,54.043852,12.4,266.4
SYNTH_VESSEL_04,2026-09-01T20:42:47Z,25.467344,54.028636,12.4,265.8
SYNTH_VESSEL_04,2026-09-01T20:46:47Z,25.466336,54.013392,12.5,265.0
SYNTH_VESSEL_04,2026-09-01T20:50:47Z,25.465120,53.998112,12.3,263.9
SYNTH_VESSEL_04,2026-09-01T20:54:47Z,25.463664,53.983036,12.4,263.0
SYNTH_VESSEL_04,2026-09-01T20:58:47Z,25.461973,53.967877,12.3,262.2
SYNTH_VESSEL_04,2026-09-01T21:02:47Z,25.460110,53.952885,12.5,260.6
SYNTH_VESSEL_04,2026-09-01T21:06:47Z,25.457858,53.937779,12.4,259.5
SYNTH_VESSEL_04,2026-09-01T21:10:47Z,25.455364,53.922853,12.3,258.5
SYNTH_VESSEL_04,2026-09-01T21:14:47Z,25.452641,53.908004,12.3,257.1
SYNTH_VESSEL_04,2026-09-01T21:18:47Z,25.449598,53.893246,12.4,255.8
SYNTH_VESSEL_04,2026-09-01T21:22:47Z,25.446206,53.878440,12.5,254.9
SYNTH_VESSEL_04,2026-09-01T21:26:47Z,25.442581,53.863575,12.4,253.7
SYNTH_VESSEL_04,2026-09-01T21:30:47Z,25.438700,53.848915,12.3,252.1
SYNTH_VESSEL_04,2026-09-01T21:34:47Z,25.434498,53.834520,12.4,250.5
SYNTH_VESSEL_04,2026-09-01T21:38:47Z,25.429903,53.820123,12.3,249.8
SYNTH_VESSEL_04,2026-09-01T21:42:47Z,25.425178,53.805917,12.4,248.9
SYNTH_VESSEL_04,2026-09-01T21:46:47Z,25.420229,53.791736,12.5,247.8
SYNTH_VESSEL_04,2026-09-01T21:50:47Z,25.414988,53.777522,12.4,246.3
SYNTH_VESSEL_04,2026-09-01T21:54:47Z,25.409441,53.763546,12.6,245.3
SYNTH_VESSEL_04,2026-09-01T21:58:47Z,25.403625,53.749518,12.6,244.1
SYNTH_VESSEL_04,2026-09-01T22:02:47Z,25.397519,53.735590,12.5,243.1
SYNTH_VESSEL_04,2026-09-01T22:06:47Z,25.391219,53.721856,12.5,241.5
SYNTH_VESSEL_04,2026-09-01T22:10:47Z,25.384578,53.708340,12.4,240.2
SYNTH_VESSEL_04,2026-09-01T22:14:47Z,25.377739,53.695134,12.5,239.4
SYNTH_VESSEL_04,2026-09-01T22:18:47Z,25.370665,53.681907,12.6,237.9
SYNTH_VESSEL_04,2026-09-01T22:22:47Z,25.363248,53.668841,12.6,237.0
SYNTH_VESSEL_04,2026-09-01T22:26:47Z,25.355652,53.655903,12.5,235.8
SYNTH_VESSEL_04,2026-09-01T22:30:47Z,25.347839,53.643188,12.5,234.2
SYNTH_VESSEL_04,2026-09-01T22:34:47Z,25.339766,53.630785,12.5,232.6
SYNTH_VESSEL_04,2026-09-01T22:38:47Z,25.331317,53.618579,12.4,231.7
SYNTH_VESSEL_04,2026-09-01T22:42:47Z,25.322812,53.606656,12.3,230.9
SYNTH_VESSEL_04,2026-09-01T22:46:47Z,25.314218,53.594964,12.3,230.0
SYNTH_VESSEL_04,2026-09-01T22:50:47Z,25.305473,53.583436,12.3,229.3
SYNTH_VESSEL_04,2026-09-01T22:54:47Z,25.296604,53.572039,12.3,228.2
SYNTH_VESSEL_04,2026-09-01T22:58:47Z,25.287549,53.560820,12.3,227.0
SYNTH_VESSEL_04,2026-09-01T23:02:47Z,25.278213,53.549740,12.2,225.8
SYNTH_VESSEL_04,2026-09-01T23:06:47Z,25.268771,53.539002,12.1,224.9
SYNTH_VESSEL_04,2026-09-01T23:10:47Z,25.259240,53.528484,12.2,224.2
SYNTH_VESSEL_04,2026-09-01T23:14:47Z,25.249548,53.518065,12.2,223.5
SYNTH_VESSEL_04,2026-09-01T23:18:47Z,25.239723,53.507774,12.1,222.1
SYNTH_VESSEL_04,2026-09-01T23:22:47Z,25.229791,53.497836,12.1,221.3
SYNTH_VESSEL_04,2026-09-01T23:26:47Z,25.219666,53.488019,12.3,219.9
SYNTH_VESSEL_04,2026-09-01T23:30:47Z,25.209248,53.478377,12.1,218.5
SYNTH_VESSEL_04,2026-09-01T23:34:47Z,25.198716,53.469118,12.3,217.4
SYNTH_VESSEL_04,2026-09-01T23:38:47Z,25.187902,53.459988,12.1,216.1
SYNTH_VESSEL_04,2026-09-01T23:42:47Z,25.177037,53.451230,12.0,214.6
SYNTH_VESSEL_04,2026-09-01T23:46:47Z,25.166059,53.442855,12.0,213.0
SYNTH_VESSEL_04,2026-09-01T23:50:47Z,25.154909,53.434862,11.9,211.4
SYNTH_VESSEL_04,2026-09-01T23:54:47Z,25.143644,53.427269,11.9,210.5
SYNTH_VESSEL_04,2026-09-01T23:58:47Z,25.132268,53.419854,11.9,209.5
SYNTH_VESSEL_04,2026-09-02T00:02:47Z,25.120752,53.412663,11.8,207.9
SYNTH_VESSEL_04,2026-09-02T00:06:47Z,25.109136,53.405883,11.8,207.1
SYNTH_VESSEL_04,2026-09-02T00:10:47Z,25.097514,53.399311,11.6,206.1
SYNTH_VESSEL_04,2026-09-02T00:14:47Z,25.085926,53.393057,11.8,204.5
SYNTH_VESSEL_04,2026-09-02T00:18:47Z,25.074048,53.387091,11.7,203.0
SYNTH_VESSEL_04,2026-09-02T00:22:47Z,25.062067,53.381478,11.7,202.4
SYNTH_VESSEL_04,2026-09-02T00:26:47Z,25.050080,53.376029,11.8,201.2
SYNTH_VESSEL_04,2026-09-02T00:30:47Z,25.037881,53.370805,11.8,200.5
SYNTH_VESSEL_04,2026-09-02T00:34:47Z,25.025593,53.365738,11.8,199.4
SYNTH_VESSEL_04,2026-09-02T00:38:47Z,25.013232,53.360930,11.8,197.9
SYNTH_VESSEL_04,2026-09-02T00:42:47Z,25.000731,53.356477,11.9,197.2
SYNTH_VESSEL_04,2026-09-02T00:46:47Z,24.988110,53.352160,12.0,195.8
SYNTH_VESSEL_04,2026-09-02T00:50:47Z,24.975282,53.348144,12.1,195.1
SYNTH_VESSEL_04,2026-09-02T00:54:47Z,24.962315,53.344282,12.2,194.2
SYNTH_VESSEL_04,2026-09-02T00:58:47Z,24.949220,53.340621,12.3,192.8
SYNTH_VESSEL_05,2026-09-01T17:33:23Z,25.251282,54.362902,10.0,171.8
SYNTH_VESSEL_05,2026-09-01T17:37:23Z,25.240265,54.364653,10.2,171.2
SYNTH_VESSEL_05,2026-09-01T17:41:23Z,25.229127,54.366562,10.2,170.5
SYNTH_VESSEL_05,2026-09-01T17:45:23Z,25.218017,54.368626,10.3,170.0
SYNTH_VESSEL_05,2026-09-01T17:49:23Z,25.206785,54.370811,10.2,169.9
SYNTH_VESSEL_05,2026-09-01T17:53:23Z,25.195684,54.373000,10.1,170.1
SYNTH_VESSEL_05,2026-09-01T17:57:23Z,25.184649,54.375119,10.1,170.1
SYNTH_VESSEL_05,2026-09-01T18:01:23Z,25.173569,54.377260,10.1,169.6
SYNTH_VESSEL_05,2026-09-01T18:05:23Z,25.162595,54.379481,10.1,169.9
SYNTH_VESSEL_05,2026-09-01T18:09:23Z,25.151585,54.381656,10.1,169.9
SYNTH_VESSEL_05,2026-09-01T18:13:23Z,25.140603,54.383827,10.1,169.2
SYNTH_VESSEL_05,2026-09-01T18:17:23Z,25.129587,54.386153,10.1,168.4
SYNTH_VESSEL_05,2026-09-01T18:21:23Z,25.118595,54.388637,10.1,168.3
SYNTH_VESSEL_05,2026-09-01T18:25:23Z,25.107658,54.391133,10.1,167.9
SYNTH_VESSEL_05,2026-09-01T18:29:23Z,25.096697,54.393734,10.0,167.8
SYNTH_VESSEL_05,2026-09-01T18:33:23Z,25.085882,54.396318,10.0,167.0
SYNTH_VESSEL_05,2026-09-01T18:37:23Z,25.075050,54.399076,10.1,167.2
SYNTH_VESSEL_05,2026-09-01T18:41:23Z,25.064081,54.401830,10.0,167.1
SYNTH_VESSEL_05,2026-09-01T18:45:23Z,25.053231,54.404581,10.0,166.9
SYNTH_VESSEL_05,2026-09-01T18:49:23Z,25.042423,54.407350,9.9,166.4
SYNTH_VESSEL_05,2026-09-01T18:53:23Z,25.031775,54.410190,9.9,166.4
SYNTH_VESSEL_05,2026-09-01T18:57:23Z,25.021121,54.413029,9.9,166.1
SYNTH_VESSEL_05,2026-09-01T19:01:23Z,25.010497,54.415938,9.8,166.2
SYNTH_VESSEL_05,2026-09-01T19:05:23Z,24.999945,54.418787,9.7,165.8
SYNTH_VESSEL_05,2026-09-01T19:09:23Z,24.989514,54.421695,9.7,165.6
SYNTH_VESSEL_05,2026-09-01T19:13:23Z,24.979075,54.424653,9.7,165.3
SYNTH_VESSEL_05,2026-09-01T19:17:23Z,24.968713,54.427652,9.7,164.8
SYNTH_VESSEL_05,2026-09-01T19:21:23Z,24.958305,54.430763,9.6,164.9
SYNTH_VESSEL_05,2026-09-01T19:25:23Z,24.948002,54.433823,9.6,164.6
SYNTH_VESSEL_05,2026-09-01T19:29:23Z,24.937709,54.436944,9.7,164.5
SYNTH_VESSEL_05,2026-09-01T19:33:23Z,24.927358,54.440119,9.8,163.7
SYNTH_VESSEL_05,2026-09-01T19:37:23Z,24.916978,54.443471,9.7,163.9
SYNTH_VESSEL_05,2026-09-01T19:41:23Z,24.906677,54.446742,9.6,163.5
SYNTH_VESSEL_05,2026-09-01T19:45:23Z,24.896457,54.450074,9.5,163.4
SYNTH_VESSEL_05,2026-09-01T19:49:23Z,24.886348,54.453400,9.5,162.6
SYNTH_VESSEL_05,2026-09-01T19:53:23Z,24.876270,54.456880,9.4,162.1
SYNTH_VESSEL_05,2026-09-01T19:57:23Z,24.866373,54.460405,9.4,161.8
SYNTH_VESSEL_05,2026-09-01T20:01:23Z,24.856435,54.464005,9.5,161.2
SYNTH_VESSEL_05,2026-09-01T20:05:23Z,24.846449,54.467747,9.5,160.7
SYNTH_VESSEL_05,2026-09-01T20:09:23Z,24.836516,54.471580,9.5,160.6
SYNTH_VESSEL_05,2026-09-01T20:13:23Z,24.826609,54.475414,9.3,160.3
SYNTH_VESSEL_05,2026-09-01T20:17:23Z,24.816872,54.479264,9.3,160.4
SYNTH_VESSEL_05,2026-09-01T20:21:23Z,24.807164,54.483070,9.2,160.5
SYNTH_VESSEL_05,2026-09-01T20:25:23Z,24.797590,54.486813,9.2,160.3
SYNTH_VESSEL_05,2026-09-01T20:29:23Z,24.787970,54.490611,9.2,160.4
SYNTH_VESSEL_05,2026-09-01T20:33:23Z,24.778308,54.494391,9.4,159.8
SYNTH_VESSEL_05,2026-09-01T20:37:23Z,24.768562,54.498332,9.3,160.0
SYNTH_VESSEL_05,2026-09-01T20:41:23Z,24.758856,54.502214,9.4,159.7
SYNTH_VESSEL_05,2026-09-01T20:45:23Z,24.749083,54.506188,9.5,159.7
SYNTH_VESSEL_05,2026-09-01T20:49:23Z,24.739205,54.510221,9.4,158.9
SYNTH_VESSEL_05,2026-09-01T20:53:23Z,24.729486,54.514344,9.5,159.1
SYNTH_VESSEL_05,2026-09-01T20:57:23Z,24.719665,54.518464,9.4,158.5
SYNTH_VESSEL_05,2026-09-01T21:01:23Z,24.709923,54.522681,9.3,158.1
SYNTH_VESSEL_05,2026-09-01T21:05:23Z,24.700345,54.526916,9.3,158.1
SYNTH_VESSEL_05,2026-09-01T21:09:23Z,24.690773,54.531156,9.2,157.7
SYNTH_VESSEL_05,2026-09-01T21:13:23Z,24.681290,54.535444,9.2,157.1
SYNTH_VESSEL_05,2026-09-01T21:17:23Z,24.671869,54.539817,9.1,156.4
SYNTH_VESSEL_05,2026-09-01T21:21:23Z,24.662617,54.544269,9.1,156.1
SYNTH_VESSEL_05,2026-09-01T21:25:23Z,24.653345,54.548792,9.3,155.3
SYNTH_VESSEL_05,2026-09-01T21:29:23Z,24.643996,54.553530,9.3,154.4
SYNTH_VESSEL_05,2026-09-01T21:33:23Z,24.634714,54.558414,9.3,153.8
SYNTH_VESSEL_05,2026-09-01T21:37:23Z,24.625430,54.563447,9.5,153.4
SYNTH_VESSEL_05,2026-09-01T21:41:23Z,24.616027,54.568624,9.6,153.6
SYNTH_VESSEL_05,2026-09-01T21:45:23Z,24.606531,54.573803,9.5,152.9
SYNTH_VESSEL_05,2026-09-01T21:49:23Z,24.597156,54.579085,9.5,153.0
SYNTH_VESSEL_05,2026-09-01T21:53:23Z,24.587751,54.584361,9.4,153.0
SYNTH_VESSEL_05,2026-09-01T21:57:23Z,24.578485,54.589552,9.3,153.0
SYNTH_VESSEL_05,2026-09-01T22:01:23Z,24.569281,54.594699,9.4,153.1
SYNTH_VESSEL_05,2026-09-01T22:05:23Z,24.559970,54.599889,9.3,152.7
SYNTH_VESSEL_05,2026-09-01T22:09:23Z,24.550773,54.605101,9.5,152.3
SYNTH_VESSEL_05,2026-09-01T22:13:23Z,24.541484,54.610461,9.4,151.6
SYNTH_VESSEL_05,2026-09-01T22:17:23Z,24.532324,54.615901,9.3,150.9
SYNTH_VESSEL_05,2026-09-01T22:21:23Z,24.523328,54.621409,9.2,151.0
SYNTH_VESSEL_05,2026-09-01T22:25:23Z,24.514441,54.626825,9.0,150.3
SYNTH_VESSEL_05,2026-09-01T22:29:23Z,24.505736,54.632288,9.2,150.3
SYNTH_VESSEL_05,2026-09-01T22:33:23Z,24.496890,54.637836,9.1,150.2
SYNTH_VESSEL_05,2026-09-01T22:37:23Z,24.488116,54.643350,9.2,149.6
SYNTH_VESSEL_05,2026-09-01T22:41:23Z,24.479281,54.649045,9.4,149.2
SYNTH_VESSEL_05,2026-09-01T22:45:23Z,24.470366,54.654878,9.5,148.8
SYNTH_VESSEL_05,2026-09-01T22:49:23Z,24.461370,54.660874,9.6,148.9
SYNTH_VESSEL_06,2026-09-01T21:18:10Z,25.308142,54.487767,5.3,148.0
SYNTH_VESSEL_06,2026-09-01T21:22:10Z,25.303150,54.491220,5.4,149.4
SYNTH_VESSEL_06,2026-09-01T21:26:10Z,25.297973,54.494607,5.5,151.2
SYNTH_VESSEL_06,2026-09-01T21:30:10Z,25.292615,54.497871,5.4,152.9
SYNTH_VESSEL_06,2026-09-01T21:34:10Z,25.287291,54.500887,5.5,154.5
SYNTH_VESSEL_06,2026-09-01T21:38:10Z,25.281832,54.503763,5.4,155.6
SYNTH_VESSEL_06,2026-09-01T21:42:10Z,25.276421,54.506483,5.3,156.9
SYNTH_VESSEL_06,2026-09-01T21:46:10Z,25.271003,54.509044,5.3,158.8
SYNTH_VESSEL_06,2026-09-01T21:50:10Z,25.265535,54.511388,5.3,159.9
SYNTH_VESSEL_06,2026-09-01T21:54:10Z,25.259968,54.513645,5.4,161.0
SYNTH_VESSEL_06,2026-09-01T21:58:10Z,25.254291,54.515806,5.3,162.5
SYNTH_VESSEL_06,2026-09-01T22:02:10Z,25.248701,54.517751,5.3,164.3
SYNTH_VESSEL_06,2026-09-01T22:06:10Z,25.243065,54.519508,5.2,165.9
SYNTH_VESSEL_06,2026-09-01T22:10:10Z,25.237479,54.521061,5.3,167.0
SYNTH_VESSEL_06,2026-09-01T22:14:10Z,25.231772,54.522514,5.2,168.4
SYNTH_VESSEL_06,2026-09-01T22:18:10Z,25.226153,54.523784,5.3,170.4
SYNTH_VESSEL_06,2026-09-01T22:22:10Z,25.220358,54.524873,5.3,171.4
SYNTH_VESSEL_06,2026-09-01T22:26:10Z,25.214502,54.525855,5.5,172.6
SYNTH_VESSEL_06,2026-09-01T22:30:10Z,25.208494,54.526723,5.5,173.4
SYNTH_VESSEL_06,2026-09-01T22:34:10Z,25.202463,54.527489,5.4,174.6
SYNTH_VESSEL_06,2026-09-01T22:38:10Z,25.196497,54.528113,5.4,176.2
SYNTH_VESSEL_06,2026-09-01T22:42:10Z,25.190565,54.528551,5.4,177.7
SYNTH_VESSEL_06,2026-09-01T22:46:10Z,25.184612,54.528815,5.4,178.9
SYNTH_VESSEL_06,2026-09-01T22:50:10Z,25.178640,54.528942,5.4,179.9
SYNTH_VESSEL_06,2026-09-01T22:54:10Z,25.172611,54.528954,5.6,181.5
SYNTH_VESSEL_06,2026-09-01T22:58:10Z,25.166425,54.528769,5.6,182.5
SYNTH_VESSEL_06,2026-09-01T23:02:10Z,25.160182,54.528467,5.6,183.6
SYNTH_VESSEL_06,2026-09-01T23:06:10Z,25.153995,54.528036,5.6,184.8
SYNTH_VESSEL_06,2026-09-01T23:10:10Z,25.147823,54.527469,5.6,185.7
SYNTH_VESSEL_06,2026-09-01T23:14:10Z,25.141682,54.526796,5.4,186.6
SYNTH_VESSEL_06,2026-09-01T23:18:10Z,25.135692,54.526027,5.5,188.1
SYNTH_VESSEL_06,2026-09-01T23:22:10Z,25.129625,54.525075,5.4,189.5
SYNTH_VESSEL_06,2026-09-01T23:26:10Z,25.123678,54.523976,5.5,191.0
SYNTH_VESSEL_06,2026-09-01T23:30:10Z,25.117649,54.522676,5.6,192.4
SYNTH_VESSEL_06,2026-09-01T23:34:10Z,25.111612,54.521213,5.6,193.3
SYNTH_VESSEL_06,2026-09-01T23:38:10Z,25.105571,54.519640,5.7,194.8
SYNTH_VESSEL_06,2026-09-01T23:42:10Z,25.099451,54.517849,5.6,196.4
SYNTH_VESSEL_06,2026-09-01T23:46:10Z,25.093534,54.515925,5.7,197.3
SYNTH_VESSEL_06,2026-09-01T23:50:10Z,25.087517,54.513850,5.6,199.0
SYNTH_VESSEL_06,2026-09-01T23:54:10Z,25.081694,54.511636,5.7,200.1
SYNTH_VESSEL_06,2026-09-01T23:58:10Z,25.075798,54.509257,5.6,201.9
SYNTH_VESSEL_06,2026-09-02T00:02:10Z,25.070006,54.506683,5.6,203.0
SYNTH_VESSEL_06,2026-09-02T00:06:10Z,25.064281,54.504002,5.7,204.7
SYNTH_VESSEL_06,2026-09-02T00:10:10Z,25.058513,54.501071,5.9,206.4
SYNTH_VESSEL_06,2026-09-02T00:14:10Z,25.052680,54.497877,5.8,208.3
SYNTH_VESSEL_06,2026-09-02T00:18:10Z,25.047003,54.494496,5.9,210.1
SYNTH_VESSEL_06,2026-09-02T00:22:10Z,25.041366,54.490883,5.8,211.9
SYNTH_VESSEL_06,2026-09-02T00:26:10Z,25.035891,54.487119,6.0,213.3
SYNTH_VESSEL_06,2026-09-02T00:30:10Z,25.030371,54.483113,5.9,214.4
SYNTH_VESSEL_06,2026-09-02T00:34:10Z,25.024942,54.479017,6.0,215.8
SYNTH_VESSEL_06,2026-09-02T00:38:10Z,25.019528,54.474703,6.1,217.2
SYNTH_VESSEL_06,2026-09-02T00:42:10Z,25.014124,54.470175,6.1,218.9
SYNTH_VESSEL_06,2026-09-02T00:46:10Z,25.008815,54.465453,6.2,220.1
SYNTH_VESSEL_06,2026-09-02T00:50:10Z,25.003538,54.460550,6.1,222.0
SYNTH_VESSEL_06,2026-09-02T00:54:10Z,24.998509,54.455557,6.2,222.9
SYNTH_VESSEL_06,2026-09-02T00:58:10Z,24.993481,54.450400,6.2,224.7
SYNTH_VESSEL_06,2026-09-02T01:02:10Z,24.988576,54.445039,6.3,226.6
SYNTH_VESSEL_06,2026-09-02T01:06:10Z,24.983762,54.439421,6.3,227.8
SYNTH_VESSEL_06,2026-09-02T01:10:10Z,24.979072,54.433715,6.4,228.9
SYNTH_VESSEL_06,2026-09-02T01:14:10Z,24.974406,54.427819,6.4,229.8
SYNTH_VESSEL_06,2026-09-02T01:18:10Z,24.969826,54.421839,6.4,231.1
SYNTH_VESSEL_06,2026-09-02T01:22:10Z,24.965386,54.415775,6.4,232.2
SYNTH_VESSEL_06,2026-09-02T01:26:10Z,24.961030,54.409591,6.5,233.6
SYNTH_VESSEL_06,2026-09-02T01:30:10Z,24.956721,54.403148,6.6,234.6
SYNTH_VESSEL_06,2026-09-02T01:34:10Z,24.952459,54.396525,6.5,235.6
SYNTH_VESSEL_06,2026-09-02T01:38:10Z,24.948381,54.389968,6.4,236.9
SYNTH_VESSEL_06,2026-09-02T01:42:10Z,24.944505,54.383417,6.3,238.3
SYNTH_VESSEL_06,2026-09-02T01:46:10Z,24.940856,54.376908,6.2,239.2
SYNTH_VESSEL_06,2026-09-02T01:50:10Z,24.937349,54.370428,6.1,240.3
SYNTH_VESSEL_06,2026-09-02T01:54:10Z,24.934020,54.363992,6.2,242.0
SYNTH_VESSEL_06,2026-09-02T01:58:10Z,24.930814,54.357332,6.3,243.8
SYNTH_VESSEL_06,2026-09-02T02:02:10Z,24.927730,54.350429,6.4,244.7
SYNTH_VESSEL_06,2026-09-02T02:06:10Z,24.924715,54.343402,6.3,246.2
SYNTH_VESSEL_06,2026-09-02T02:10:10Z,24.921907,54.336393,6.2,247.9
SYNTH_VESSEL_06,2026-09-02T02:14:10Z,24.919320,54.329364,6.3,249.6
SYNTH_VESSEL_06,2026-09-02T02:18:10Z,24.916873,54.322115,6.2,251.1
SYNTH_VESSEL_06,2026-09-02T02:22:10Z,24.914646,54.314935,6.3,252.7
SYNTH_VESSEL_06,2026-09-02T02:26:10Z,24.912569,54.307587,6.2,254.0
SYNTH_VESSEL_06,2026-09-02T02:30:10Z,24.910659,54.300263,6.2,255.9
SYNTH_VESSEL_06,2026-09-02T02:34:10Z,24.908991,54.292949,6.0,257.4
SYNTH_VESSEL_07,2026-09-01T17:06:43Z,25.450450,54.474204,7.7,299.0
SYNTH_VESSEL_07,2026-09-01T17:10:43Z,25.454570,54.465969,7.6,300.7
SYNTH_VESSEL_07,2026-09-01T17:14:43Z,25.458855,54.457979,7.7,302.6
SYNTH_VESSEL_07,2026-09-01T17:18:43Z,25.463449,54.450023,7.6,304.8
SYNTH_VESSEL_07,2026-09-01T17:22:43Z,25.468264,54.442345,7.7,306.3
SYNTH_VESSEL_07,2026-09-01T17:26:43Z,25.473317,54.434713,7.6,308.1
SYNTH_VESSEL_07,2026-09-01T17:30:43Z,25.478493,54.427406,7.6,309.4
SYNTH_VESSEL_07,2026-09-01T17:34:43Z,25.483817,54.420213,7.5,311.4
SYNTH_VESSEL_07,2026-09-01T17:38:43Z,25.489323,54.413300,7.4,313.5
SYNTH_VESSEL_07,2026-09-01T17:42:43Z,25.494951,54.406724,7.5,315.4
SYNTH_VESSEL_07,2026-09-01T17:46:43Z,25.500844,54.400290,7.5,316.7
SYNTH_VESSEL_07,2026-09-01T17:50:43Z,25.506906,54.393961,7.5,318.3
SYNTH_VESSEL_07,2026-09-01T17:54:43Z,25.513135,54.387813,7.5,320.2
SYNTH_VESSEL_07,2026-09-01T17:58:43Z,25.519530,54.381904,7.5,322.1
SYNTH_VESSEL_07,2026-09-01T18:02:43Z,25.526115,54.376226,7.4,324.1
SYNTH_VESSEL_07,2026-09-01T18:06:43Z,25.532784,54.370885,7.4,325.8
SYNTH_VESSEL_07,2026-09-01T18:10:43Z,25.539559,54.365780,7.3,327.0
SYNTH_VESSEL_07,2026-09-01T18:14:43Z,25.546325,54.360912,7.4,328.3
SYNTH_VESSEL_07,2026-09-01T18:18:43Z,25.553260,54.356158,7.3,329.9
SYNTH_VESSEL_07,2026-09-01T18:22:43Z,25.560282,54.351641,7.3,332.1
SYNTH_VESSEL_07,2026-09-01T18:26:43Z,25.567439,54.347436,7.2,333.8
SYNTH_VESSEL_07,2026-09-01T18:30:43Z,25.574629,54.343512,7.4,335.0
SYNTH_VESSEL_07,2026-09-01T18:34:43Z,25.582017,54.339690,7.3,336.2
SYNTH_VESSEL_07,2026-09-01T18:38:43Z,25.589408,54.336082,7.3,337.7
SYNTH_VESSEL_07,2026-09-01T18:42:43Z,25.596947,54.332645,7.4,339.3
SYNTH_VESSEL_07,2026-09-01T18:46:43Z,25.604632,54.329433,7.4,341.1
SYNTH_VESSEL_07,2026-09-01T18:50:43Z,25.612365,54.326493,7.4,342.5
SYNTH_VESSEL_07,2026-09-01T18:54:43Z,25.620145,54.323772,7.5,344.1
SYNTH_VESSEL_07,2026-09-01T18:58:43Z,25.628115,54.321249,7.5,346.1
SYNTH_VESSEL_07,2026-09-01T19:02:43Z,25.636237,54.319013,7.6,347.2
SYNTH_VESSEL_07,2026-09-01T19:06:43Z,25.644422,54.316958,7.5,348.4
SYNTH_VESSEL_07,2026-09-01T19:10:43Z,25.652600,54.315093,7.4,350.5
SYNTH_VESSEL_07,2026-09-01T19:14:43Z,25.660708,54.313596,7.5,352.4
SYNTH_VESSEL_07,2026-09-01T19:18:43Z,25.668907,54.312376,7.5,354.4
SYNTH_VESSEL_07,2026-09-01T19:22:43Z,25.677181,54.311471,7.4,356.4
SYNTH_VESSEL_07,2026-09-01T19:26:43Z,25.685337,54.310897,7.2,357.9
SYNTH_VESSEL_07,2026-09-01T19:30:43Z,25.693339,54.310572,7.4,359.7
SYNTH_VESSEL_07,2026-09-01T19:34:43Z,25.701499,54.310519,7.3,1.7
SYNTH_VESSEL_07,2026-09-01T19:38:43Z,25.709600,54.310781,7.3,3.2
SYNTH_VESSEL_07,2026-09-01T19:42:43Z,25.717677,54.311290,7.3,4.6
SYNTH_VESSEL_07,2026-09-01T19:46:43Z,25.725747,54.312006,7.3,6.1
SYNTH_VESSEL_07,2026-09-01T19:50:43Z,25.733797,54.312960,7.2,8.1
SYNTH_VESSEL_07,2026-09-01T19:54:43Z,25.741726,54.314209,7.3,9.7
SYNTH_VESSEL_07,2026-09-01T19:58:43Z,25.749668,54.315718,7.4,11.9
SYNTH_VESSEL_07,2026-09-01T20:02:43Z,25.757669,54.317584,7.3,14.1
SYNTH_VESSEL_07,2026-09-01T20:06:43Z,25.765528,54.319772,7.3,15.9
SYNTH_VESSEL_07,2026-09-01T20:10:43Z,25.773316,54.322232,7.4,18.0
SYNTH_VESSEL_07,2026-09-01T20:14:43Z,25.781149,54.325062,7.5,20.1
SYNTH_VESSEL_07,2026-09-01T20:18:43Z,25.788960,54.328234,7.6,21.8
SYNTH_VESSEL_07,2026-09-01T20:22:43Z,25.796803,54.331723,7.6,24.0
SYNTH_VESSEL_07,2026-09-01T20:26:43Z,25.804482,54.335525,7.7,25.5
SYNTH_VESSEL_07,2026-09-01T20:30:43Z,25.812176,54.339604,7.7,26.7
SYNTH_VESSEL_07,2026-09-01T20:34:43Z,25.819812,54.343867,7.6,28.4
SYNTH_VESSEL_07,2026-09-01T20:38:43Z,25.827200,54.348310,7.6,30.4
SYNTH_VESSEL_07,2026-09-01T20:42:43Z,25.834491,54.353055,7.6,32.0
SYNTH_VESSEL_07,2026-09-01T20:46:43Z,25.841596,54.357990,7.4,34.1
SYNTH_VESSEL_07,2026-09-01T20:50:43Z,25.848434,54.363132,7.4,35.8
SYNTH_VESSEL_07,2026-09-01T20:54:43Z,25.855134,54.368499,7.5,37.2
SYNTH_VESSEL_07,2026-09-01T20:58:43Z,25.861769,54.374088,7.4,39.2
SYNTH_VESSEL_07,2026-09-01T21:02:43Z,25.868134,54.379853,7.3,40.6
SYNTH_VESSEL_07,2026-09-01T21:06:43Z,25.874273,54.385698,7.4,42.5
SYNTH_VESSEL_07,2026-09-01T21:10:43Z,25.880352,54.391883,7.4,43.7
SYNTH_VESSEL_07,2026-09-01T21:14:43Z,25.886266,54.398171,7.3,45.3
SYNTH_VESSEL_07,2026-09-01T21:18:43Z,25.891986,54.404603,7.3,46.8
SYNTH_VESSEL_07,2026-09-01T21:22:43Z,25.897545,54.411175,7.4,48.5
SYNTH_VESSEL_07,2026-09-01T21:26:43Z,25.902990,54.418006,7.3,50.4
SYNTH_VESSEL_07,2026-09-01T21:30:43Z,25.908129,54.424914,7.2,52.3
SYNTH_VESSEL_07,2026-09-01T21:34:43Z,25.913012,54.431925,7.2,54.0
SYNTH_VESSEL_07,2026-09-01T21:38:43Z,25.917728,54.439138,7.1,56.0
SYNTH_VESSEL_07,2026-09-01T21:42:43Z,25.922152,54.446426,7.2,57.5
SYNTH_VESSEL_07,2026-09-01T21:46:43Z,25.926452,54.453938,7.3,59.4
SYNTH_VESSEL_07,2026-09-01T21:50:43Z,25.930580,54.461685,7.4,61.2
SYNTH_VESSEL_07,2026-09-01T21:54:43Z,25.934521,54.469655,7.5,63.0
SYNTH_VESSEL_07,2026-09-01T21:58:43Z,25.938270,54.477848,7.5,65.1
SYNTH_VESSEL_07,2026-09-01T22:02:43Z,25.941788,54.486290,7.6,66.5
SYNTH_VESSEL_07,2026-09-01T22:06:43Z,25.945163,54.494942,7.7,67.8
SYNTH_VESSEL_07,2026-09-01T22:10:43Z,25.948413,54.503787,7.9,69.7
SYNTH_VESSEL_07,2026-09-01T22:14:43Z,25.951438,54.512903,7.7,71.1
SYNTH_VESSEL_07,2026-09-01T22:18:43Z,25.954225,54.521938,7.7,72.5
SYNTH_VESSEL_07,2026-09-01T22:22:43Z,25.956801,54.531019,7.8,74.4
SYNTH_VESSEL_08,2026-09-01T19:38:06Z,25.291662,54.327803,9.3,221.5
SYNTH_VESSEL_08,2026-09-01T19:42:06Z,25.283923,54.320221,9.4,222.1
SYNTH_VESSEL_08,2026-09-01T19:46:06Z,25.276161,54.312478,9.5,222.6
SYNTH_VESSEL_08,2026-09-01T19:50:06Z,25.268402,54.304585,9.4,223.6
SYNTH_VESSEL_08,2026-09-01T19:54:06Z,25.260828,54.296598,9.4,224.9
SYNTH_VESSEL_08,2026-09-01T19:58:06Z,25.253436,54.288458,9.5,225.3
SYNTH_VESSEL_08,2026-09-01T20:02:06Z,25.245992,54.280129,9.6,226.0
SYNTH_VESSEL_08,2026-09-01T20:06:06Z,25.238580,54.271629,9.5,227.0
SYNTH_VESSEL_08,2026-09-01T20:10:06Z,25.231395,54.263099,9.5,227.9
SYNTH_VESSEL_08,2026-09-01T20:14:06Z,25.224314,54.254422,9.6,228.8
SYNTH_VESSEL_08,2026-09-01T20:18:06Z,25.217302,54.245558,9.5,229.4
SYNTH_VESSEL_08,2026-09-01T20:22:06Z,25.210414,54.236665,9.5,230.4
SYNTH_VESSEL_08,2026-09-01T20:26:06Z,25.203676,54.227657,9.5,231.1
SYNTH_VESSEL_08,2026-09-01T20:30:06Z,25.197052,54.218570,9.5,231.6
SYNTH_VESSEL_08,2026-09-01T20:34:06Z,25.190505,54.209457,9.4,232.4
SYNTH_VESSEL_08,2026-09-01T20:38:06Z,25.184112,54.200296,9.3,232.8
SYNTH_VESSEL_08,2026-09-01T20:42:06Z,25.177883,54.191218,9.3,233.5
SYNTH_VESSEL_08,2026-09-01T20:46:06Z,25.171738,54.182056,9.2,233.9
SYNTH_VESSEL_08,2026-09-01T20:50:06Z,25.165708,54.172931,9.2,235.1
SYNTH_VESSEL_08,2026-09-01T20:54:06Z,25.159882,54.163710,9.1,236.4
SYNTH_VESSEL_08,2026-09-01T20:58:06Z,25.154318,54.154459,9.1,237.1
SYNTH_VESSEL_08,2026-09-01T21:02:06Z,25.148833,54.145103,8.9,238.2
SYNTH_VESSEL_08,2026-09-01T21:06:06Z,25.143600,54.135786,9.0,239.5
SYNTH_VESSEL_08,2026-09-01T21:10:06Z,25.138528,54.126256,9.1,240.6
SYNTH_VESSEL_08,2026-09-01T21:14:06Z,25.133587,54.116557,9.0,241.3
SYNTH_VESSEL_08,2026-09-01T21:18:06Z,25.128782,54.106858,9.1,242.7
SYNTH_VESSEL_08,2026-09-01T21:22:06Z,25.124146,54.096936,9.2,243.7
SYNTH_VESSEL_08,2026-09-01T21:26:06Z,25.119635,54.086833,9.3,244.2
SYNTH_VESSEL_08,2026-09-01T21:30:06Z,25.115151,54.076581,9.2,245.1
SYNTH_VESSEL_08,2026-09-01T21:34:06Z,25.110835,54.066331,9.2,246.0
SYNTH_VESSEL_08,2026-09-01T21:38:06Z,25.106689,54.056053,9.3,247.0
SYNTH_VESSEL_08,2026-09-01T21:42:06Z,25.102653,54.045568,9.3,247.5
SYNTH_VESSEL_08,2026-09-01T21:46:06Z,25.098687,54.035014,9.4,248.6
SYNTH_VESSEL_08,2026-09-01T21:50:06Z,25.094872,54.024281,9.5,249.9
SYNTH_VESSEL_08,2026-09-01T21:54:06Z,25.091237,54.013329,9.6,250.4
SYNTH_VESSEL_08,2026-09-01T21:58:06Z,25.087684,54.002288,9.5,251.3
SYNTH_VESSEL_08,2026-09-01T22:02:06Z,25.084296,53.991264,9.5,251.8
SYNTH_VESSEL_08,2026-09-01T22:06:06Z,25.081003,53.980182,9.6,252.5
SYNTH_VESSEL_08,2026-09-01T22:10:06Z,25.077801,53.968956,9.5,253.7
SYNTH_VESSEL_08,2026-09-01T22:14:06Z,25.074826,53.957755,9.5,254.1
SYNTH_VESSEL_08,2026-09-01T22:18:06Z,25.071934,53.946536,9.6,254.6
SYNTH_VESSEL_08,2026-09-01T22:22:06Z,25.069113,53.935228,9.4,255.8
SYNTH_VESSEL_08,2026-09-01T22:26:06Z,25.066541,53.924034,9.3,256.4
SYNTH_VESSEL_08,2026-09-01T22:30:06Z,25.064105,53.912944,9.3,256.9
SYNTH_VESSEL_08,2026-09-01T22:34:06Z,25.061759,53.901797,9.5,257.8
SYNTH_VESSEL_08,2026-09-01T22:38:06Z,25.059527,53.890446,9.5,258.7
SYNTH_VESSEL_08,2026-09-01T22:42:06Z,25.057467,53.879087,9.4,260.1
SYNTH_VESSEL_08,2026-09-01T22:46:06Z,25.055680,53.867772,9.3,260.7
SYNTH_VESSEL_08,2026-09-01T22:50:06Z,25.054017,53.856538,9.2,262.2
SYNTH_VESSEL_08,2026-09-01T22:54:06Z,25.052625,53.845360,9.2,263.0
SYNTH_VESSEL_08,2026-09-01T22:58:06Z,25.051387,53.834192,9.2,263.8
SYNTH_VESSEL_08,2026-09-01T23:02:06Z,25.050279,53.823028,9.2,265.2
SYNTH_VESSEL_08,2026-09-01T23:06:06Z,25.049424,53.811775,9.1,265.9
SYNTH_VESSEL_08,2026-09-01T23:10:06Z,25.048695,53.800625,9.1,266.4
SYNTH_VESSEL_08,2026-09-01T23:14:06Z,25.048056,53.789523,9.2,267.1
SYNTH_VESSEL_08,2026-09-01T23:18:06Z,25.047537,53.778267,9.2,268.4
SYNTH_VESSEL_08,2026-09-01T23:22:06Z,25.047257,53.767068,9.1,269.2
SYNTH_VESSEL_08,2026-09-01T23:26:06Z,25.047119,53.755935,9.0,269.7
SYNTH_VESSEL_08,2026-09-01T23:30:06Z,25.047069,53.744957,9.1,271.0
SYNTH_VESSEL_08,2026-09-01T23:34:06Z,25.047238,53.733852,8.9,272.0
SYNTH_VESSEL_08,2026-09-01T23:38:06Z,25.047590,53.722903,9.0,272.5
SYNTH_VESSEL_08,2026-09-01T23:42:06Z,25.048027,53.711885,9.0,273.2
SYNTH_VESSEL_08,2026-09-01T23:46:06Z,25.048579,53.700823,9.1,274.2
SYNTH_VESSEL_08,2026-09-01T23:50:06Z,25.049327,53.689657,9.2,275.0
SYNTH_VESSEL_08,2026-09-01T23:54:06Z,25.050210,53.678410,9.2,276.0
SYNTH_VESSEL_08,2026-09-01T23:58:06Z,25.051283,53.667167,9.1,277.2
SYNTH_VESSEL_08,2026-09-02T00:02:06Z,25.052552,53.656078,9.2,277.7
SYNTH_VESSEL_08,2026-09-02T00:06:06Z,25.053930,53.644867,9.2,278.9
SYNTH_VESSEL_08,2026-09-02T00:10:06Z,25.055497,53.633787,9.0,279.7
SYNTH_VESSEL_08,2026-09-02T00:14:06Z,25.057179,53.622902,9.0,281.0
SYNTH_VESSEL_08,2026-09-02T00:18:06Z,25.059082,53.612112,8.9,281.9
SYNTH_VESSEL_08,2026-09-02T00:22:06Z,25.061121,53.601399,8.8,282.7
SYNTH_VESSEL_08,2026-09-02T00:26:06Z,25.063262,53.590876,8.9,284.1
SYNTH_VESSEL_08,2026-09-02T00:30:06Z,25.065662,53.580316,9.0,285.5
SYNTH_VESSEL_08,2026-09-02T00:34:06Z,25.068342,53.569669,9.0,286.7
SYNTH_VESSEL_08,2026-09-02T00:38:06Z,25.071225,53.559068,9.0,287.3
SYNTH_VESSEL_08,2026-09-02T00:42:06Z,25.074177,53.548601,9.1,288.4
SYNTH_VESSEL_08,2026-09-02T00:46:06Z,25.077348,53.538050,9.0,289.7
SYNTH_VESSEL_08,2026-09-02T00:50:06Z,25.080690,53.527725,9.1,290.3
SYNTH_VESSEL_08,2026-09-02T00:54:06Z,25.084177,53.517293,9.1,290.9
SYNTH_VESSEL_09,2026-09-01T19:28:32Z,25.516391,54.476213,6.1,341.1
SYNTH_VESSEL_09,2026-09-01T19:32:32Z,25.522832,54.473766,6.3,342.8
SYNTH_VESSEL_09,2026-09-01T19:36:32Z,25.529468,54.471494,6.3,345.0
SYNTH_VESSEL_09,2026-09-01T19:40:32Z,25.536235,54.469489,6.3,346.5
SYNTH_VESSEL_09,2026-09-01T19:44:32Z,25.543008,54.467691,6.4,348.4
SYNTH_VESSEL_09,2026-09-01T19:48:32Z,25.549934,54.466116,6.3,350.2
SYNTH_VESSEL_09,2026-09-01T19:52:32Z,25.556828,54.464793,6.3,351.6
SYNTH_VESSEL_09,2026-09-01T19:56:32Z,25.563690,54.463669,6.3,353.0
SYNTH_VESSEL_09,2026-09-01T20:00:32Z,25.570600,54.462730,6.3,354.7
SYNTH_VESSEL_09,2026-09-01T20:04:32Z,25.577511,54.462021,6.3,356.7
SYNTH_VESSEL_09,2026-09-01T20:08:32Z,25.584514,54.461573,6.4,358.3
SYNTH_VESSEL_09,2026-09-01T20:12:32Z,25.591575,54.461343,6.4,0.5
SYNTH_VESSEL_09,2026-09-01T20:16:32Z,25.598677,54.461412,6.4,2.2
SYNTH_VESSEL_09,2026-09-01T20:20:32Z,25.605766,54.461716,6.4,4.2
SYNTH_VESSEL_09,2026-09-01T20:24:32Z,25.612818,54.462297,6.3,5.6
SYNTH_VESSEL_09,2026-09-01T20:28:32Z,25.619768,54.463047,6.3,6.9
SYNTH_VESSEL_09,2026-09-01T20:32:32Z,25.626703,54.463975,6.4,8.3
SYNTH_VESSEL_09,2026-09-01T20:36:32Z,25.633724,54.465110,6.3,9.9
SYNTH_VESSEL_09,2026-09-01T20:40:32Z,25.640606,54.466448,6.3,11.4
SYNTH_VESSEL_09,2026-09-01T20:44:32Z,25.647419,54.467979,6.4,13.6
SYNTH_VESSEL_09,2026-09-01T20:48:32Z,25.654323,54.469833,6.3,15.2
SYNTH_VESSEL_09,2026-09-01T20:52:32Z,25.661091,54.471879,6.2,17.4
SYNTH_VESSEL_09,2026-09-01T20:56:32Z,25.667688,54.474179,6.2,18.9
SYNTH_VESSEL_09,2026-09-01T21:00:32Z,25.674216,54.476655,6.2,20.7
SYNTH_VESSEL_09,2026-09-01T21:04:32Z,25.680697,54.479379,6.1,22.8
SYNTH_VESSEL_09,2026-09-01T21:08:32Z,25.686949,54.482300,6.2,24.2
SYNTH_VESSEL_09,2026-09-01T21:12:32Z,25.693226,54.485436,6.2,26.2
SYNTH_VESSEL_09,2026-09-01T21:16:32Z,25.699383,54.488803,6.3,27.6
SYNTH_VESSEL_09,2026-09-01T21:20:32Z,25.705596,54.492401,6.2,29.5
SYNTH_VESSEL_09,2026-09-01T21:24:32Z,25.711596,54.496168,6.2,30.7
SYNTH_VESSEL_09,2026-09-01T21:28:32Z,25.717485,54.500056,6.2,32.2
SYNTH_VESSEL_09,2026-09-01T21:32:32Z,25.723313,54.504128,6.3,33.8
SYNTH_VESSEL_09,2026-09-01T21:36:32Z,25.729093,54.508417,6.3,36.0
SYNTH_VESSEL_09,2026-09-01T21:40:32Z,25.734760,54.512981,6.3,37.6
SYNTH_VESSEL_09,2026-09-01T21:44:32Z,25.740293,54.517717,6.4,39.1
SYNTH_VESSEL_09,2026-09-01T21:48:32Z,25.745824,54.522702,6.4,40.3
SYNTH_VESSEL_09,2026-09-01T21:52:32Z,25.751214,54.527773,6.4,42.5
SYNTH_VESSEL_09,2026-09-01T21:56:32Z,25.756455,54.533096,6.4,44.0
SYNTH_VESSEL_09,2026-09-01T22:00:32Z,25.761548,54.538548,6.4,45.5
SYNTH_VESSEL_09,2026-09-01T22:04:32Z,25.766495,54.544134,6.3,47.1
SYNTH_VESSEL_09,2026-09-01T22:08:32Z,25.771242,54.549799,6.4,48.3
SYNTH_VESSEL_09,2026-09-01T22:12:32Z,25.775971,54.555697,6.4,50.0
SYNTH_VESSEL_09,2026-09-01T22:16:32Z,25.780549,54.561763,6.4,52.0
SYNTH_VESSEL_09,2026-09-01T22:20:32Z,25.784888,54.567935,6.2,53.6
SYNTH_VESSEL_09,2026-09-01T22:24:32Z,25.788985,54.574097,6.2,55.7
SYNTH_VESSEL_09,2026-09-01T22:28:32Z,25.792876,54.580437,6.3,57.6
SYNTH_VESSEL_09,2026-09-01T22:32:32Z,25.796646,54.587029,6.3,59.4
SYNTH_VESSEL_09,2026-09-01T22:36:32Z,25.800205,54.593709,6.2,61.4
SYNTH_VESSEL_09,2026-09-01T22:40:32Z,25.803512,54.600454,6.3,63.3
SYNTH_VESSEL_09,2026-09-01T22:44:32Z,25.806644,54.607356,6.4,64.7
SYNTH_VESSEL_09,2026-09-01T22:48:32Z,25.809653,54.614431,6.4,66.2
SYNTH_VESSEL_09,2026-09-01T22:52:32Z,25.812501,54.621614,6.5,67.7
SYNTH_VESSEL_09,2026-09-01T22:56:32Z,25.815238,54.629032,6.5,69.1
SYNTH_VESSEL_09,2026-09-01T23:00:32Z,25.817826,54.636542,6.5,71.1
SYNTH_VESSEL_09,2026-09-01T23:04:32Z,25.820153,54.644091,6.5,72.4
SYNTH_VESSEL_09,2026-09-01T23:08:32Z,25.822343,54.651773,6.6,74.0
SYNTH_VESSEL_09,2026-09-01T23:12:32Z,25.824357,54.659561,6.7,75.7
SYNTH_VESSEL_09,2026-09-01T23:16:32Z,25.826201,54.667576,6.7,77.7
SYNTH_VESSEL_09,2026-09-01T23:20:32Z,25.827789,54.675696,6.9,79.9
SYNTH_VESSEL_09,2026-09-01T23:24:32Z,25.829128,54.684006,6.7,81.5
SYNTH_VESSEL_09,2026-09-01T23:28:32Z,25.830231,54.692189,6.8,83.5
SYNTH_VESSEL_09,2026-09-01T23:32:32Z,25.831076,54.700475,6.9,85.6
SYNTH_VESSEL_09,2026-09-01T23:36:32Z,25.831658,54.708960,7.0,87.8
SYNTH_VESSEL_09,2026-09-01T23:40:32Z,25.831952,54.717526,6.9,89.1
SYNTH_VESSEL_09,2026-09-01T23:44:32Z,25.832075,54.726023,6.8,91.2
SYNTH_VESSEL_09,2026-09-01T23:48:32Z,25.831918,54.734411,6.9,93.4
SYNTH_VESSEL_09,2026-09-01T23:52:32Z,25.831466,54.742931,7.0,94.6
SYNTH_VESSEL_09,2026-09-01T23:56:32Z,25.830845,54.751510,7.0,96.1
SYNTH_VESSEL_09,2026-09-02T00:00:32Z,25.830021,54.760059,6.9,97.5
SYNTH_VESSEL_09,2026-09-02T00:04:32Z,25.829022,54.768461,6.8,98.7
SYNTH_VESSEL_09,2026-09-02T00:08:32Z,25.827882,54.776747,6.9,100.7
SYNTH_VESSEL_09,2026-09-02T00:12:32Z,25.826453,54.785139,7.0,102.2
SYNTH_VESSEL_09,2026-09-02T00:16:32Z,25.824801,54.793624,7.0,103.5
SYNTH_VESSEL_09,2026-09-02T00:20:32Z,25.822979,54.802047,6.9,105.5
SYNTH_VESSEL_09,2026-09-02T00:24:32Z,25.820924,54.810294,7.0,106.9
SYNTH_VESSEL_09,2026-09-02T00:28:32Z,25.818674,54.818500,7.0,108.6
SYNTH_VESSEL_09,2026-09-02T00:32:32Z,25.816203,54.826657,7.1,109.9
SYNTH_VESSEL_09,2026-09-02T00:36:32Z,25.813533,54.834863,7.2,111.8
SYNTH_VESSEL_09,2026-09-02T00:40:32Z,25.810556,54.843123,7.2,113.0
SYNTH_VESSEL_09,2026-09-02T00:44:32Z,25.807457,54.851231,7.2,114.7
SYNTH_VESSEL_10,2026-09-01T19:29:54Z,25.351886,54.315070,11.4,284.9
SYNTH_VESSEL_10,2026-09-01T19:33:54Z,25.355139,54.301564,11.5,284.5
SYNTH_VESSEL_10,2026-09-01T19:37:54Z,25.358345,54.287892,11.4,284.2
SYNTH_VESSEL_10,2026-09-01T19:41:54Z,25.361460,54.274285,11.3,283.8
SYNTH_VESSEL_10,2026-09-01T19:45:54Z,25.364458,54.260767,11.3,283.9
SYNTH_VESSEL_10,2026-09-01T19:49:54Z,25.367459,54.247323,11.3,283.6
SYNTH_VESSEL_10,2026-09-01T19:53:54Z,25.370394,54.233876,11.2,283.9
SYNTH_VESSEL_10,2026-09-01T19:57:54Z,25.373373,54.220534,11.2,283.6
SYNTH_VESSEL_10,2026-09-01T20:01:54Z,25.376297,54.207125,11.2,284.1
SYNTH_VESSEL_10,2026-09-01T20:05:54Z,25.379322,54.193755,11.2,284.3
SYNTH_VESSEL_10,2026-09-01T20:09:54Z,25.382383,54.180421,11.1,284.8
SYNTH_VESSEL_10,2026-09-01T20:13:54Z,25.385534,54.167214,11.1,285.1
SYNTH_VESSEL_10,2026-09-01T20:17:54Z,25.388730,54.154107,11.1,284.9
SYNTH_VESSEL_10,2026-09-01T20:21:54Z,25.391885,54.140972,11.0,285.0
SYNTH_VESSEL_10,2026-09-01T20:25:54Z,25.395057,54.127890,11.0,285.5
SYNTH_VESSEL_10,2026-09-01T20:29:54Z,25.398327,54.114823,11.1,285.0
SYNTH_VESSEL_10,2026-09-01T20:33:54Z,25.401518,54.101608,11.1,284.9
SYNTH_VESSEL_10,2026-09-01T20:37:54Z,25.404681,54.088411,11.1,285.2
SYNTH_VESSEL_10,2026-09-01T20:41:54Z,25.407911,54.075248,11.0,285.2
SYNTH_VESSEL_10,2026-09-01T20:45:54Z,25.411101,54.062207,11.1,285.3
SYNTH_VESSEL_10,2026-09-01T20:49:54Z,25.414367,54.049018,11.2,285.5
SYNTH_VESSEL_10,2026-09-01T20:53:54Z,25.417675,54.035796,11.2,285.5
SYNTH_VESSEL_10,2026-09-01T20:57:54Z,25.421014,54.022506,11.3,285.0
SYNTH_VESSEL_10,2026-09-01T21:01:54Z,25.424254,54.009114,11.4,285.2
SYNTH_VESSEL_10,2026-09-01T21:05:54Z,25.427567,53.995602,11.5,285.1
SYNTH_VESSEL_10,2026-09-01T21:09:54Z,25.430889,53.982000,11.4,285.3
SYNTH_VESSEL_10,2026-09-01T21:13:54Z,25.434228,53.968516,11.4,284.9
SYNTH_VESSEL_10,2026-09-01T21:17:54Z,25.437474,53.955037,11.3,285.2
SYNTH_VESSEL_10,2026-09-01T21:21:54Z,25.440763,53.941664,11.3,285.2
SYNTH_VESSEL_10,2026-09-01T21:25:54Z,25.444037,53.928312,11.2,284.7
SYNTH_VESSEL_10,2026-09-01T21:29:54Z,25.447212,53.914954,11.3,284.8
SYNTH_VESSEL_10,2026-09-01T21:33:54Z,25.450412,53.901574,11.3,284.7
SYNTH_VESSEL_10,2026-09-01T21:37:54Z,25.453587,53.888183,11.1,284.2
SYNTH_VESSEL_10,2026-09-01T21:41:54Z,25.456623,53.874916,11.0,284.1
SYNTH_VESSEL_10,2026-09-01T21:45:54Z,25.459614,53.861773,10.9,284.0
SYNTH_VESSEL_10,2026-09-01T21:49:54Z,25.462551,53.848757,11.0,283.7
SYNTH_VESSEL_10,2026-09-01T21:53:54Z,25.465445,53.835621,11.0,284.2
SYNTH_VESSEL_10,2026-09-01T21:57:54Z,25.468439,53.822477,11.1,284.5
SYNTH_VESSEL_10,2026-09-01T22:01:54Z,25.471533,53.809259,11.2,284.7
SYNTH_VESSEL_10,2026-09-01T22:05:54Z,25.474685,53.795988,11.1,285.2
SYNTH_VESSEL_10,2026-09-01T22:09:54Z,25.477908,53.782859,11.1,285.7
SYNTH_VESSEL_10,2026-09-01T22:13:54Z,25.481235,53.769752,11.1,286.2
SYNTH_VESSEL_10,2026-09-01T22:17:54Z,25.484663,53.756689,11.2,285.7
SYNTH_VESSEL_10,2026-09-01T22:21:54Z,25.488027,53.743458,11.1,286.1
SYNTH_VESSEL_10,2026-09-01T22:25:54Z,25.491458,53.730319,11.1,286.2
SYNTH_VESSEL_10,2026-09-01T22:29:54Z,25.494893,53.717192,11.1,286.4
SYNTH_VESSEL_10,2026-09-01T22:33:54Z,25.498358,53.704127,11.2,286.6
SYNTH_VESSEL_10,2026-09-01T22:37:54Z,25.501917,53.690930,11.3,287.1
SYNTH_VESSEL_10,2026-09-01T22:41:54Z,25.505608,53.677662,11.3,287.0
SYNTH_VESSEL_10,2026-09-01T22:45:54Z,25.509278,53.664348,11.2,287.2
SYNTH_VESSEL_10,2026-09-01T22:49:54Z,25.512968,53.651149,11.2,287.2
SYNTH_VESSEL_10,2026-09-01T22:53:54Z,25.516631,53.638033,11.2,286.9
SYNTH_VESSEL_10,2026-09-01T22:57:54Z,25.520263,53.624827,11.3,286.8
SYNTH_VESSEL_10,2026-09-01T23:01:54Z,25.523894,53.611535,11.3,287.4
SYNTH_VESSEL_10,2026-09-01T23:05:54Z,25.527633,53.598274,11.3,286.9
SYNTH_VESSEL_10,2026-09-01T23:09:54Z,25.531269,53.584996,11.3,287.2
SYNTH_VESSEL_10,2026-09-01T23:13:54Z,25.534969,53.571752,11.2,287.0
SYNTH_VESSEL_10,2026-09-01T23:17:54Z,25.538592,53.558607,11.2,287.4
SYNTH_VESSEL_10,2026-09-01T23:21:54Z,25.542312,53.545482,11.2,287.5
SYNTH_VESSEL_10,2026-09-01T23:25:54Z,25.546047,53.532363,11.1,287.3
SYNTH_VESSEL_10,2026-09-01T23:29:54Z,25.549732,53.519282,11.2,287.3
SYNTH_VESSEL_10,2026-09-01T23:33:54Z,25.553433,53.506077,11.2,287.8
SYNTH_VESSEL_10,2026-09-01T23:37:54Z,25.557228,53.492968,11.1,287.9
SYNTH_VESSEL_10,2026-09-01T23:41:54Z,25.561021,53.479963,11.0,287.5
SYNTH_VESSEL_10,2026-09-01T23:45:54Z,25.564675,53.467082,11.0,287.5
SYNTH_VESSEL_10,2026-09-01T23:49:54Z,25.568341,53.454214,11.1,287.0
SYNTH_VESSEL_10,2026-09-01T23:53:54Z,25.571940,53.441168,11.2,286.5
SYNTH_VESSEL_10,2026-09-01T23:57:54Z,25.575469,53.427998,11.1,287.0
SYNTH_VESSEL_10,2026-09-02T00:01:54Z,25.579051,53.414991,11.0,286.9
SYNTH_VESSEL_10,2026-09-02T00:05:54Z,25.582586,53.402108,10.9,287.1
SYNTH_VESSEL_10,2026-09-02T00:09:54Z,25.586159,53.389269,10.8,287.5
SYNTH_VESSEL_10,2026-09-02T00:13:54Z,25.589761,53.376599,10.9,287.9
SYNTH_VESSEL_10,2026-09-02T00:17:54Z,25.593478,53.363841,11.1,288.3
SYNTH_VESSEL_10,2026-09-02T00:21:54Z,25.597320,53.350935,11.1,288.2
SYNTH_VESSEL_10,2026-09-02T00:25:54Z,25.601149,53.338021,11.0,288.3
SYNTH_VESSEL_10,2026-09-02T00:29:54Z,25.604965,53.325230,10.8,288.3
SYNTH_VESSEL_10,2026-09-02T00:33:54Z,25.608730,53.312613,10.9,288.8
SYNTH_VESSEL_10,2026-09-02T00:37:54Z,25.612624,53.299892,11.0,288.7
SYNTH_VESSEL_10,2026-09-02T00:41:54Z,25.616527,53.287076,11.1,288.5
SYNTH_VESSEL_10,2026-09-02T00:45:54Z,25.620441,53.274133,11.2,289.0
SYNTH_VESSEL_11,2026-09-01T18:12:37Z,25.414034,54.416888,8.2,250.3
SYNTH_VESSEL_11,2026-09-01T18:16:37Z,25.410961,54.407398,8.2,248.4
SYNTH_VESSEL_11,2026-09-01T18:20:37Z,25.407616,54.398035,8.1,247.6
SYNTH_VESSEL_11,2026-09-01T18:24:37Z,25.404212,54.388877,8.0,246.7
SYNTH_VESSEL_11,2026-09-01T18:28:37Z,25.400717,54.379877,8.0,245.2
SYNTH_VESSEL_11,2026-09-01T18:32:37Z,25.397010,54.371010,7.9,243.6
SYNTH_VESSEL_11,2026-09-01T18:36:37Z,25.393107,54.362322,7.8,241.8
SYNTH_VESSEL_11,2026-09-01T18:40:37Z,25.389020,54.353885,7.7,240.0
SYNTH_VESSEL_11,2026-09-01T18:44:37Z,25.384726,54.345647,7.7,238.3
SYNTH_VESSEL_11,2026-09-01T18:48:37Z,25.380240,54.337622,7.7,236.5
SYNTH_VESSEL_11,2026-09-01T18:52:37Z,25.375498,54.329703,7.8,235.1
SYNTH_VESSEL_11,2026-09-01T18:56:37Z,25.370523,54.321798,7.8,233.6
SYNTH_VESSEL_11,2026-09-01T19:00:37Z,25.365382,54.314075,7.7,232.0
SYNTH_VESSEL_11,2026-09-01T19:04:37Z,25.360132,54.306649,7.7,230.9
SYNTH_VESSEL_11,2026-09-01T19:08:37Z,25.354764,54.299327,7.6,229.3
SYNTH_VESSEL_11,2026-09-01T19:12:37Z,25.349278,54.292267,7.7,228.0
SYNTH_VESSEL_11,2026-09-01T19:16:37Z,25.343594,54.285274,7.6,226.4
SYNTH_VESSEL_11,2026-09-01T19:20:37Z,25.337769,54.278508,7.6,224.6
SYNTH_VESSEL_11,2026-09-01T19:24:37Z,25.331761,54.271942,7.7,223.7
SYNTH_VESSEL_11,2026-09-01T19:28:37Z,25.325586,54.265424,7.6,221.8
SYNTH_VESSEL_11,2026-09-01T19:32:37Z,25.319313,54.259210,7.6,220.0
SYNTH_VESSEL_11,2026-09-01T19:36:37Z,25.312889,54.253237,7.5,218.9
SYNTH_VESSEL_11,2026-09-01T19:40:37Z,25.306416,54.247468,7.4,217.3
SYNTH_VESSEL_11,2026-09-01T19:44:37Z,25.299857,54.241952,7.4,216.1
SYNTH_VESSEL_11,2026-09-01T19:48:37Z,25.293239,54.236618,7.3,214.6
SYNTH_VESSEL_11,2026-09-01T19:52:37Z,25.286545,54.231507,7.2,213.7
SYNTH_VESSEL_11,2026-09-01T19:56:37Z,25.279867,54.226577,7.2,212.3
SYNTH_VESSEL_11,2026-09-01T20:00:37Z,25.273097,54.221840,7.1,211.2
SYNTH_VESSEL_11,2026-09-01T20:04:37Z,25.266322,54.217304,7.0,209.3
SYNTH_VESSEL_11,2026-09-01T20:08:37Z,25.259557,54.213102,7.1,208.3
SYNTH_VESSEL_11,2026-09-01T20:12:37Z,25.252636,54.208980,7.1,207.3
SYNTH_VESSEL_11,2026-09-01T20:16:37Z,25.245656,54.204993,7.0,206.4
SYNTH_VESSEL_11,2026-09-01T20:20:37Z,25.238751,54.201200,7.1,204.6
SYNTH_VESSEL_11,2026-09-01T20:24:37Z,25.231639,54.197596,7.0,203.1
SYNTH_VESSEL_11,2026-09-01T20:28:37Z,25.224453,54.194206,7.1,202.1
SYNTH_VESSEL_11,2026-09-01T20:32:37Z,25.217105,54.190909,7.2,200.6
SYNTH_VESSEL_11,2026-09-01T20:36:37Z,25.209592,54.187783,7.3,199.6
SYNTH_VESSEL_11,2026-09-01T20:40:37Z,25.201965,54.184786,7.2,198.5
SYNTH_VESSEL_11,2026-09-01T20:44:37Z,25.194399,54.181987,7.1,197.3
SYNTH_VESSEL_11,2026-09-01T20:48:37Z,25.186848,54.179396,7.1,196.2
SYNTH_VESSEL_11,2026-09-01T20:52:37Z,25.179256,54.176957,7.0,194.6
SYNTH_VESSEL_11,2026-09-01T20:56:37Z,25.171714,54.174794,7.0,193.2
SYNTH_VESSEL_11,2026-09-01T21:00:37Z,25.164200,54.172839,6.9,191.6
SYNTH_VESSEL_11,2026-09-01T21:04:37Z,25.156660,54.171134,7.1,190.5
SYNTH_VESSEL_11,2026-09-01T21:08:37Z,25.148969,54.169567,7.0,189.1
SYNTH_VESSEL_11,2026-09-01T21:12:37Z,25.141321,54.168209,6.9,187.7
SYNTH_VESSEL_11,2026-09-01T21:16:37Z,25.133714,54.167075,6.8,186.3
SYNTH_VESSEL_11,2026-09-01T21:20:37Z,25.126239,54.166158,6.7,185.0
SYNTH_VESSEL_11,2026-09-01T21:24:37Z,25.118802,54.165434,6.9,183.7
SYNTH_VESSEL_11,2026-09-01T21:28:37Z,25.111219,54.164887,6.9,182.2
SYNTH_VESSEL_11,2026-09-01T21:32:37Z,25.103518,54.164565,6.8,180.6
SYNTH_VESSEL_11,2026-09-01T21:36:37Z,25.095971,54.164484,6.9,179.6
SYNTH_VESSEL_11,2026-09-01T21:40:37Z,25.088266,54.164538,7.1,178.5
SYNTH_VESSEL_11,2026-09-01T21:44:37Z,25.080423,54.164763,7.2,177.1
SYNTH_VESSEL_11,2026-09-01T21:48:37Z,25.072424,54.165211,7.1,175.9
SYNTH_VESSEL_11,2026-09-01T21:52:37Z,25.064523,54.165830,7.3,174.4
SYNTH_VESSEL_11,2026-09-01T21:56:37Z,25.056510,54.166693,7.2,173.7
SYNTH_VESSEL_11,2026-09-01T22:00:37Z,25.048524,54.167672,7.3,172.0
SYNTH_VESSEL_11,2026-09-01T22:04:37Z,25.040467,54.168920,7.4,170.4
SYNTH_VESSEL_11,2026-09-01T22:08:37Z,25.032340,54.170438,7.5,169.1
SYNTH_VESSEL_11,2026-09-01T22:12:37Z,25.024192,54.172165,7.6,167.4
SYNTH_VESSEL_11,2026-09-01T22:16:37Z,25.015995,54.174182,7.7,166.6
SYNTH_VESSEL_11,2026-09-01T22:20:37Z,25.007694,54.176363,7.7,165.3
SYNTH_VESSEL_11,2026-09-01T22:24:37Z,24.999463,54.178742,7.6,164.5
SYNTH_VESSEL_11,2026-09-01T22:28:37Z,24.991394,54.181216,7.6,162.6
SYNTH_VESSEL_11,2026-09-01T22:32:37Z,24.983307,54.184006,7.6,161.4
SYNTH_VESSEL_11,2026-09-01T22:36:37Z,24.975356,54.186952,7.7,160.6
SYNTH_VESSEL_11,2026-09-01T22:40:37Z,24.967319,54.190076,7.6,159.3
SYNTH_VESSEL_11,2026-09-01T22:44:37Z,24.959420,54.193360,7.6,157.6
SYNTH_VESSEL_11,2026-09-01T22:48:37Z,24.951576,54.196922,7.6,156.4
SYNTH_VESSEL_11,2026-09-01T22:52:37Z,24.943817,54.200669,7.7,155.1
SYNTH_VESSEL_11,2026-09-01T22:56:37Z,24.936079,54.204638,7.8,153.4
SYNTH_VESSEL_11,2026-09-01T23:00:37Z,24.928380,54.208895,7.7,151.6
SYNTH_VESSEL_11,2026-09-01T23:04:37Z,24.920880,54.213363,7.8,150.5
SYNTH_VESSEL_11,2026-09-01T23:08:37Z,24.913338,54.218059,7.7,148.8
SYNTH_VESSEL_11,2026-09-01T23:12:37Z,24.906041,54.222933,7.7,147.3
SYNTH_VESSEL_11,2026-09-01T23:16:37Z,24.898832,54.228037,7.6,145.8
SYNTH_VESSEL_11,2026-09-01T23:20:37Z,24.891884,54.233248,7.5,144.7
SYNTH_VESSEL_11,2026-09-01T23:24:37Z,24.885100,54.238538,7.6,143.6
SYNTH_VESSEL_11,2026-09-01T23:28:37Z,24.878317,54.244052,7.6,142.4
SYNTH_VESSEL_12,2026-09-01T20:50:52Z,25.324583,54.251391,6.3,75.0
SYNTH_VESSEL_12,2026-09-01T20:54:52Z,25.326404,54.258902,6.4,74.0
SYNTH_VESSEL_12,2026-09-01T20:58:52Z,25.328363,54.266467,6.5,72.7
SYNTH_VESSEL_12,2026-09-01T21:02:52Z,25.330508,54.274087,6.6,71.4
SYNTH_VESSEL_12,2026-09-01T21:06:52Z,25.332844,54.281749,6.6,70.2
SYNTH_VESSEL_12,2026-09-01T21:10:52Z,25.335341,54.289424,6.7,69.0
SYNTH_VESSEL_12,2026-09-01T21:14:52Z,25.338014,54.297117,6.6,68.1
SYNTH_VESSEL_12,2026-09-01T21:18:52Z,25.340751,54.304658,6.5,67.4
SYNTH_VESSEL_12,2026-09-01T21:22:52Z,25.343536,54.312053,6.6,66.3
SYNTH_VESSEL_12,2026-09-01T21:26:52Z,25.346476,54.319452,6.7,65.3
SYNTH_VESSEL_12,2026-09-01T21:30:52Z,25.349571,54.326899,6.6,64.3
SYNTH_VESSEL_12,2026-09-01T21:34:52Z,25.352769,54.334239,6.6,63.4
SYNTH_VESSEL_12,2026-09-01T21:38:52Z,25.356046,54.341485,6.7,62.0
SYNTH_VESSEL_12,2026-09-01T21:42:52Z,25.359515,54.348701,6.7,60.5
SYNTH_VESSEL_12,2026-09-01T21:46:52Z,25.363185,54.355880,6.7,59.6
SYNTH_VESSEL_12,2026-09-01T21:50:52Z,25.366968,54.363016,6.7,58.5
SYNTH_VESSEL_12,2026-09-01T21:54:52Z,25.370833,54.370006,6.6,57.0
SYNTH_VESSEL_12,2026-09-01T21:58:52Z,25.374804,54.376782,6.6,55.4
SYNTH_VESSEL_12,2026-09-01T22:02:52Z,25.378974,54.383470,6.5,54.2
SYNTH_VESSEL_12,2026-09-01T22:06:52Z,25.383212,54.389979,6.6,53.0
SYNTH_VESSEL_12,2026-09-01T22:10:52Z,25.387612,54.396438,6.7,51.5
SYNTH_VESSEL_12,2026-09-01T22:14:52Z,25.392203,54.402829,6.8,50.6
SYNTH_VESSEL_12,2026-09-01T22:18:52Z,25.396965,54.409239,6.7,49.5
SYNTH_VESSEL_12,2026-09-01T22:22:52Z,25.401780,54.415475,6.7,48.1
SYNTH_VESSEL_12,2026-09-01T22:26:52Z,25.406736,54.421594,6.6,47.0
SYNTH_VESSEL_12,2026-09-01T22:30:52Z,25.411738,54.427534,6.7,45.5
SYNTH_VESSEL_12,2026-09-01T22:34:52Z,25.416944,54.433400,6.6,44.7
SYNTH_VESSEL_12,2026-09-01T22:38:52Z,25.422152,54.439102,6.7,43.0
SYNTH_VESSEL_12,2026-09-01T22:42:52Z,25.427560,54.444696,6.7,41.6
SYNTH_VESSEL_12,2026-09-01T22:46:52Z,25.433132,54.450167,6.9,40.3
SYNTH_VESSEL_12,2026-09-01T22:50:52Z,25.438934,54.455610,6.7,39.4
SYNTH_VESSEL_12,2026-09-01T22:54:52Z,25.444718,54.460871,6.6,38.7
SYNTH_VESSEL_12,2026-09-01T22:58:52Z,25.450435,54.465941,6.6,38.0
SYNTH_VESSEL_12,2026-09-01T23:02:52Z,25.456235,54.470962,6.6,36.5
SYNTH_VESSEL_12,2026-09-01T23:06:52Z,25.462117,54.475777,6.6,35.3
SYNTH_VESSEL_12,2026-09-01T23:10:52Z,25.468113,54.480477,6.7,34.4
SYNTH_VESSEL_12,2026-09-01T23:14:52Z,25.474241,54.485124,6.6,33.7
SYNTH_VESSEL_12,2026-09-01T23:18:52Z,25.480355,54.489641,6.6,32.7
SYNTH_VESSEL_12,2026-09-01T23:22:52Z,25.486475,54.494000,6.4,31.2
SYNTH_VESSEL_12,2026-09-01T23:26:52Z,25.492578,54.498094,6.4,29.9
SYNTH_VESSEL_12,2026-09-01T23:30:52Z,25.498687,54.501988,6.4,29.0
SYNTH_VESSEL_12,2026-09-01T23:34:52Z,25.504938,54.505823,6.4,27.4
SYNTH_VESSEL_12,2026-09-01T23:38:52Z,25.511269,54.509454,6.4,26.3
SYNTH_VESSEL_12,2026-09-01T23:42:52Z,25.517604,54.512928,6.3,25.5
SYNTH_VESSEL_12,2026-09-01T23:46:52Z,25.523937,54.516273,6.5,24.5
SYNTH_VESSEL_12,2026-09-01T23:50:52Z,25.530454,54.519567,6.5,23.7
SYNTH_VESSEL_12,2026-09-01T23:54:52Z,25.537048,54.522777,6.6,23.0
SYNTH_VESSEL_12,2026-09-01T23:58:52Z,25.543781,54.525946,6.6,22.2
SYNTH_VESSEL_12,2026-09-02T00:02:52Z,25.550593,54.529034,6.7,20.6
SYNTH_VESSEL_12,2026-09-02T00:06:52Z,25.557512,54.531922,6.7,20.0
SYNTH_VESSEL_12,2026-09-02T00:10:52Z,25.564456,54.534725,6.6,19.1
SYNTH_VESSEL_12,2026-09-02T00:14:52Z,25.571366,54.537371,6.7,18.1
SYNTH_VESSEL_12,2026-09-02T00:18:52Z,25.578420,54.539920,6.6,17.2
SYNTH_VESSEL_12,2026-09-02T00:22:52Z,25.585369,54.542310,6.7,16.5
SYNTH_VESSEL_12,2026-09-02T00:26:52Z,25.592450,54.544633,6.6,15.3
SYNTH_VESSEL_12,2026-09-02T00:30:52Z,25.599478,54.546761,6.5,14.6
SYNTH_VESSEL_12,2026-09-02T00:34:52Z,25.606418,54.548768,6.5,13.2
SYNTH_VESSEL_12,2026-09-02T00:38:52Z,25.613398,54.550583,6.4,12.2
SYNTH_VESSEL_12,2026-09-02T00:42:52Z,25.620349,54.552251,6.4,11.0
SYNTH_VESSEL_12,2026-09-02T00:46:52Z,25.627327,54.553754,6.3,9.8
SYNTH_VESSEL_12,2026-09-02T00:50:52Z,25.634192,54.555070,6.4,8.6
SYNTH_VESSEL_12,2026-09-02T00:54:52Z,25.641165,54.556239,6.3,7.8
SYNTH_VESSEL_12,2026-09-02T00:58:52Z,25.648085,54.557289,6.4,6.3
SYNTH_VESSEL_12,2026-09-02T01:02:52Z,25.655118,54.558145,6.3,4.6
SYNTH_VESSEL_12,2026-09-02T01:06:52Z,25.662074,54.558769,6.2,3.3
SYNTH_VESSEL_12,2026-09-02T01:10:52Z,25.668895,54.559206,6.3,1.6
SYNTH_VESSEL_12,2026-09-02T01:14:52Z,25.675875,54.559429,6.4,0.4
SYNTH_VESSEL_12,2026-09-02T01:18:52Z,25.682930,54.559487,6.3,359.3
SYNTH_VESSEL_12,2026-09-02T01:22:52Z,25.689922,54.559388,6.3,358.0
SYNTH_VESSEL_12,2026-09-02T01:26:52Z,25.696939,54.559112,6.4,356.6
SYNTH_VESSEL_12,2026-09-02T01:30:52Z,25.703972,54.558647,6.4,355.2
SYNTH_VESSEL_12,2026-09-02T01:34:52Z,25.711089,54.557989,6.5,354.4
SYNTH_VESSEL_12,2026-09-02T01:38:52Z,25.718319,54.557205,6.6,353.8
SYNTH_VESSEL_12,2026-09-02T01:42:52Z,25.725555,54.556337,6.7,353.1
SYNTH_VESSEL_12,2026-09-02T01:46:52Z,25.732901,54.555345,6.7,352.4
SYNTH_VESSEL_12,2026-09-02T01:50:52Z,25.740279,54.554246,6.6,350.9
SYNTH_VESSEL_12,2026-09-02T01:54:52Z,25.747522,54.552951,6.7,349.8
SYNTH_VESSEL_12,2026-09-02T01:58:52Z,25.754832,54.551488,6.6,348.6
SYNTH_VESSEL_12,2026-09-02T02:02:52Z,25.762009,54.549882,6.5,347.9
SYNTH_VESSEL_12,2026-09-02T02:06:52Z,25.769082,54.548194,6.6,346.6
SYNTH_VESSEL_13,2026-09-01T18:49:26Z,25.294929,54.161010,13.3,250.2
SYNTH_VESSEL_13,2026-09-01T18:53:26Z,25.289945,54.145700,13.2,249.6
SYNTH_VESSEL_13,2026-09-01T18:57:26Z,25.284848,54.130576,13.2,248.9
SYNTH_VESSEL_13,2026-09-01T19:01:26Z,25.279558,54.115419,13.4,249.0
SYNTH_VESSEL_13,2026-09-01T19:05:26Z,25.274247,54.100091,13.3,248.6
SYNTH_VESSEL_13,2026-09-01T19:09:26Z,25.268868,54.084932,13.4,247.8
SYNTH_VESSEL_13,2026-09-01T19:13:26Z,25.263247,54.069716,13.4,247.7
SYNTH_VESSEL_13,2026-09-01T19:17:26Z,25.257622,54.054564,13.5,246.9
SYNTH_VESSEL_13,2026-09-01T19:21:26Z,25.251777,54.039389,13.4,246.2
SYNTH_VESSEL_13,2026-09-01T19:25:26Z,25.245784,54.024368,13.4,245.7
SYNTH_VESSEL_13,2026-09-01T19:29:26Z,25.239661,54.009387,13.5,245.1
SYNTH_VESSEL_13,2026-09-01T19:33:26Z,25.233353,53.994337,13.6,244.4
SYNTH_VESSEL_13,2026-09-01T19:37:26Z,25.226838,53.979287,13.7,244.6
SYNTH_VESSEL_13,2026-09-01T19:41:26Z,25.220351,53.964153,13.8,244.7
SYNTH_VESSEL_13,2026-09-01T19:45:26Z,25.213826,53.948880,13.8,244.3
SYNTH_VESSEL_13,2026-09-01T19:49:26Z,25.207184,53.933643,13.9,243.9
SYNTH_VESSEL_13,2026-09-01T19:53:26Z,25.200414,53.918403,13.9,243.6
SYNTH_VESSEL_13,2026-09-01T19:57:26Z,25.193576,53.903194,14.0,242.8
SYNTH_VESSEL_13,2026-09-01T20:01:26Z,25.186487,53.887924,14.0,242.2
SYNTH_VESSEL_13,2026-09-01T20:05:26Z,25.179229,53.872743,14.0,241.9
SYNTH_VESSEL_13,2026-09-01T20:09:26Z,25.171894,53.857555,13.9,241.2
SYNTH_VESSEL_13,2026-09-01T20:13:26Z,25.164464,53.842632,14.0,241.0
SYNTH_VESSEL_13,2026-09-01T20:17:26Z,25.156924,53.827620,14.1,240.5
SYNTH_VESSEL_13,2026-09-01T20:21:26Z,25.149239,53.812622,14.0,240.1
SYNTH_VESSEL_13,2026-09-01T20:25:26Z,25.141508,53.797745,13.9,239.8
SYNTH_VESSEL_13,2026-09-01T20:29:26Z,25.133728,53.782982,14.0,240.1
SYNTH_VESSEL_13,2026-09-01T20:33:26Z,25.126003,53.768160,14.1,239.8
SYNTH_VESSEL_13,2026-09-01T20:37:26Z,25.118146,53.753252,14.2,239.9
SYNTH_VESSEL_13,2026-09-01T20:41:26Z,25.110255,53.738242,14.1,239.8
SYNTH_VESSEL_13,2026-09-01T20:45:26Z,25.102397,53.723318,14.2,239.5
SYNTH_VESSEL_13,2026-09-01T20:49:26Z,25.094430,53.708381,14.1,238.8
SYNTH_VESSEL_13,2026-09-01T20:53:26Z,25.086308,53.693592,14.2,238.8
SYNTH_VESSEL_13,2026-09-01T20:57:26Z,25.078126,53.678680,14.3,239.0
SYNTH_VESSEL_13,2026-09-01T21:01:26Z,25.069943,53.663653,14.4,238.3
SYNTH_VESSEL_13,2026-09-01T21:05:26Z,25.061526,53.648624,14.5,238.0
SYNTH_VESSEL_13,2026-09-01T21:09:26Z,25.053013,53.633563,14.6,237.3
SYNTH_VESSEL_13,2026-09-01T21:13:26Z,25.044260,53.618497,14.6,237.1
SYNTH_VESSEL_13,2026-09-01T21:17:26Z,25.035455,53.603450,14.5,237.1
SYNTH_VESSEL_13,2026-09-01T21:21:26Z,25.026685,53.588505,14.6,237.2
SYNTH_VESSEL_13,2026-09-01T21:25:26Z,25.017934,53.573532,14.5,236.7
SYNTH_VESSEL_13,2026-09-01T21:29:26Z,25.009078,53.558649,14.6,236.6
SYNTH_VESSEL_13,2026-09-01T21:33:26Z,25.000161,53.543730,14.7,236.7
SYNTH_VESSEL_13,2026-09-01T21:37:26Z,24.991238,53.528736,14.8,236.8
SYNTH_VESSEL_13,2026-09-01T21:41:26Z,24.982276,53.513613,14.9,236.8
SYNTH_VESSEL_13,2026-09-01T21:45:26Z,24.973231,53.498352,15.0,236.3
SYNTH_VESSEL_13,2026-09-01T21:49:26Z,24.964019,53.483124,15.0,236.4
SYNTH_VESSEL_13,2026-09-01T21:53:26Z,24.954792,53.467827,15.1,236.4
SYNTH_VESSEL_13,2026-09-01T21:57:26Z,24.945501,53.452388,15.2,235.7
SYNTH_VESSEL_13,2026-09-01T22:01:26Z,24.935972,53.437000,15.1,235.9
SYNTH_VESSEL_13,2026-09-01T22:05:26Z,24.926563,53.421702,15.2,235.9
SYNTH_VESSEL_13,2026-09-01T22:09:26Z,24.917109,53.406303,15.3,235.2
SYNTH_VESSEL_13,2026-09-01T22:13:26Z,24.907420,53.390956,15.4,234.4
SYNTH_VESSEL_13,2026-09-01T22:17:26Z,24.897476,53.375623,15.4,234.5
SYNTH_VESSEL_13,2026-09-01T22:21:26Z,24.887547,53.360276,15.6,234.1
SYNTH_VESSEL_13,2026-09-01T22:25:26Z,24.877427,53.344876,15.5,233.9
SYNTH_VESSEL_13,2026-09-01T22:29:26Z,24.867278,53.329544,15.5,233.2
SYNTH_VESSEL_13,2026-09-01T22:33:26Z,24.856958,53.314325,15.6,232.6
SYNTH_VESSEL_13,2026-09-01T22:37:26Z,24.846449,53.299191,15.7,232.0
SYNTH_VESSEL_13,2026-09-01T22:41:26Z,24.835721,53.284065,15.7,231.5
SYNTH_VESSEL_13,2026-09-01T22:45:26Z,24.824842,53.269007,15.7,231.4
SYNTH_VESSEL_13,2026-09-01T22:49:26Z,24.814020,53.254049,15.6,230.7
SYNTH_VESSEL_13,2026-09-01T22:53:26Z,24.803076,53.239340,15.6,230.7
SYNTH_VESSEL_13,2026-09-01T22:57:26Z,24.792149,53.224624,15.5,230.6
SYNTH_VESSEL_13,2026-09-01T23:01:26Z,24.781233,53.209963,15.6,230.2
SYNTH_VESSEL_13,2026-09-01T23:05:26Z,24.770173,53.195367,15.6,230.4
SYNTH_VESSEL_13,2026-09-01T23:09:26Z,24.759119,53.180646,15.7,229.9
SYNTH_VESSEL_13,2026-09-01T23:13:26Z,24.747918,53.165981,15.8,229.6
SYNTH_VESSEL_13,2026-09-01T23:17:26Z,24.736533,53.151254,16.0,229.6
SYNTH_VESSEL_13,2026-09-01T23:21:26Z,24.725051,53.136409,16.0,229.8
SYNTH_VESSEL_13,2026-09-01T23:25:26Z,24.713612,53.121527,16.1,229.2
SYNTH_VESSEL_13,2026-09-01T23:29:26Z,24.701986,53.106681,15.9,229.1
SYNTH_VESSEL_13,2026-09-01T23:33:26Z,24.690427,53.092004,15.9,229.0
SYNTH_VESSEL_13,2026-09-01T23:37:26Z,24.678872,53.077396,15.9,228.7
SYNTH_VESSEL_13,2026-09-01T23:41:26Z,24.667240,53.062851,16.0,227.9
SYNTH_VESSEL_13,2026-09-01T23:45:26Z,24.655375,53.048400,15.9,227.7
SYNTH_VESSEL_13,2026-09-01T23:49:26Z,24.643497,53.034047,16.0,227.3
SYNTH_VESSEL_13,2026-09-01T23:53:26Z,24.631493,53.019712,16.0,227.0
SYNTH_VESSEL_13,2026-09-01T23:57:26Z,24.619407,53.005473,15.9,226.2
SYNTH_VESSEL_13,2026-09-02T00:01:26Z,24.607234,52.991512,16.0,226.4
SYNTH_VESSEL_13,2026-09-02T00:05:26Z,24.595029,52.977403,15.9,226.2
SYNTH_VESSEL_14,2026-09-01T18:01:18Z,25.446766,54.476659,11.8,215.9
SYNTH_VESSEL_14,2026-09-01T18:05:18Z,25.436201,54.468204,11.9,217.7
SYNTH_VESSEL_14,2026-09-01T18:09:18Z,25.425786,54.459306,11.9,220.1
SYNTH_VESSEL_14,2026-09-01T18:13:18Z,25.415725,54.449925,11.8,222.4
SYNTH_VESSEL_14,2026-09-01T18:17:18Z,25.406075,54.440156,11.7,224.3
SYNTH_VESSEL_14,2026-09-01T18:21:18Z,25.396799,54.430130,11.8,226.4
SYNTH_VESSEL_14,2026-09-01T18:25:18Z,25.387772,54.419637,11.8,228.1
SYNTH_VESSEL_14,2026-09-01T18:29:18Z,25.379058,54.408884,11.8,230.3
SYNTH_VESSEL_14,2026-09-01T18:33:18Z,25.370709,54.397767,11.8,232.4
SYNTH_VESSEL_14,2026-09-01T18:37:18Z,25.362757,54.386328,11.6,234.8
SYNTH_VESSEL_14,2026-09-01T18:41:18Z,25.355317,54.374648,11.7,236.8
SYNTH_VESSEL_14,2026-09-01T18:45:18Z,25.348206,54.362616,11.6,238.8
SYNTH_VESSEL_14,2026-09-01T18:49:18Z,25.341551,54.350443,11.6,240.3
SYNTH_VESSEL_14,2026-09-01T18:53:18Z,25.335173,54.338082,11.5,242.4
SYNTH_VESSEL_14,2026-09-01T18:57:18Z,25.329279,54.325590,11.6,244.9
SYNTH_VESSEL_14,2026-09-01T19:01:18Z,25.323827,54.312706,11.5,247.3
SYNTH_VESSEL_14,2026-09-01T19:05:18Z,25.318914,54.299710,11.6,249.0
SYNTH_VESSEL_14,2026-09-01T19:09:18Z,25.314304,54.286456,11.6,250.6
SYNTH_VESSEL_14,2026-09-01T19:13:18Z,25.310027,54.273010,11.7,253.1
SYNTH_VESSEL_14,2026-09-01T19:17:18Z,25.306255,54.259249,11.7,255.6
SYNTH_VESSEL_14,2026-09-01T19:21:18Z,25.303021,54.245318,11.7,257.5
SYNTH_VESSEL_14,2026-09-01T19:25:18Z,25.300207,54.231305,11.8,259.3
SYNTH_VESSEL_14,2026-09-01T19:29:18Z,25.297783,54.217107,11.7,261.6
SYNTH_VESSEL_14,2026-09-01T19:33:18Z,25.295894,54.202931,11.7,263.1
SYNTH_VESSEL_14,2026-09-01T19:37:18Z,25.294347,54.188713,11.7,265.0
SYNTH_VESSEL_14,2026-09-01T19:41:18Z,25.293213,54.174424,11.7,266.4
SYNTH_VESSEL_14,2026-09-01T19:45:18Z,25.292404,54.160115,11.7,269.0
SYNTH_VESSEL_14,2026-09-01T19:49:18Z,25.292169,54.145731,11.6,271.0
SYNTH_VESSEL_14,2026-09-01T19:53:18Z,25.292390,54.131514,11.7,273.2
SYNTH_VESSEL_14,2026-09-01T19:57:18Z,25.293123,54.117158,11.7,275.5
SYNTH_VESSEL_14,2026-09-01T20:01:18Z,25.294374,54.102875,11.7,277.3
SYNTH_VESSEL_14,2026-09-01T20:05:18Z,25.296014,54.088687,11.7,279.0
SYNTH_VESSEL_14,2026-09-01T20:09:18Z,25.298036,54.074560,11.6,281.4
SYNTH_VESSEL_14,2026-09-01T20:13:18Z,25.300596,54.060564,11.5,283.3
SYNTH_VESSEL_14,2026-09-01T20:17:18Z,25.303545,54.046818,11.4,285.0
SYNTH_VESSEL_14,2026-09-01T20:21:18Z,25.306810,54.033343,11.3,287.0
SYNTH_VESSEL_14,2026-09-01T20:25:18Z,25.310465,54.020103,11.4,288.9
SYNTH_VESSEL_14,2026-09-01T20:29:18Z,25.314581,54.006837,11.4,291.0
SYNTH_VESSEL_14,2026-09-01T20:33:18Z,25.319110,53.993792,11.3,292.7
SYNTH_VESSEL_14,2026-09-01T20:37:18Z,25.323948,53.981024,11.3,294.4
SYNTH_VESSEL_14,2026-09-01T20:41:18Z,25.329097,53.968444,11.2,296.3
SYNTH_VESSEL_14,2026-09-01T20:45:18Z,25.334615,53.956068,11.1,298.6
SYNTH_VESSEL_14,2026-09-01T20:49:18Z,25.340525,53.944072,11.3,300.5
SYNTH_VESSEL_14,2026-09-01T20:53:18Z,25.346877,53.932148,11.4,302.5
SYNTH_VESSEL_14,2026-09-01T20:57:18Z,25.353672,53.920324,11.3,304.3
SYNTH_VESSEL_14,2026-09-01T21:01:18Z,25.360767,53.908828,11.5,306.7
SYNTH_VESSEL_14,2026-09-01T21:05:18Z,25.368372,53.897552,11.5,308.5
SYNTH_VESSEL_14,2026-09-01T21:09:18Z,25.376278,53.886552,11.4,310.4
SYNTH_VESSEL_14,2026-09-01T21:13:18Z,25.384484,53.875898,11.5,312.7
SYNTH_VESSEL_14,2026-09-01T21:17:18Z,25.393130,53.865513,11.5,314.3
SYNTH_VESSEL_14,2026-09-01T21:21:18Z,25.402049,53.855410,11.6,316.5
SYNTH_VESSEL_14,2026-09-01T21:25:18Z,25.411397,53.845607,11.7,318.7
SYNTH_VESSEL_14,2026-09-01T21:29:18Z,25.421172,53.836111,11.8,321.2
SYNTH_VESSEL_14,2026-09-01T21:33:18Z,25.431345,53.827045,11.9,323.2
SYNTH_VESSEL_14,2026-09-01T21:37:18Z,25.441916,53.818293,11.9,325.0
SYNTH_VESSEL_14,2026-09-01T21:41:18Z,25.452691,53.809938,11.7,326.6
SYNTH_VESSEL_14,2026-09-01T21:45:18Z,25.463547,53.801995,11.7,328.9
SYNTH_VESSEL_14,2026-09-01T21:49:18Z,25.474638,53.794586,11.6,331.4
SYNTH_VESSEL_14,2026-09-01T21:53:18Z,25.485976,53.787750,11.8,332.9
SYNTH_VESSEL_14,2026-09-01T21:57:18Z,25.497594,53.781172,11.7,335.2
SYNTH_VESSEL_14,2026-09-01T22:01:18Z,25.509363,53.775138,11.7,337.6
SYNTH_VESSEL_14,2026-09-01T22:05:18Z,25.521384,53.769655,11.8,339.8
SYNTH_VESSEL_14,2026-09-01T22:09:18Z,25.533671,53.764656,11.9,342.1
SYNTH_VESSEL_14,2026-09-01T22:13:18Z,25.546216,53.760162,11.9,344.5
SYNTH_VESSEL_14,2026-09-01T22:17:18Z,25.558977,53.756245,11.8,346.9
SYNTH_VESSEL_14,2026-09-01T22:21:18Z,25.571746,53.752942,11.9,348.9
SYNTH_VESSEL_14,2026-09-01T22:25:18Z,25.584713,53.750110,12.0,350.9
SYNTH_VESSEL_14,2026-09-01T22:29:18Z,25.597883,53.747766,12.1,352.5
SYNTH_VESSEL_14,2026-09-01T22:33:18Z,25.611182,53.745837,12.1,354.2
SYNTH_VESSEL_14,2026-09-01T22:37:18Z,25.624489,53.744329,11.9,356.5
SYNTH_VESSEL_14,2026-09-01T22:41:18Z,25.637683,53.743431,11.9,358.6
SYNTH_VESSEL_14,2026-09-01T22:45:18Z,25.650927,53.743073,11.9,0.2
SYNTH_VESSEL_14,2026-09-01T22:49:18Z,25.664157,53.743129,11.9,2.2
SYNTH_VESSEL_14,2026-09-01T22:53:18Z,25.677291,53.743695,11.8,4.5
SYNTH_VESSEL_14,2026-09-01T22:57:18Z,25.690365,53.744847,11.8,6.2
SYNTH_VESSEL_14,2026-09-01T23:01:18Z,25.703417,53.746426,11.9,8.3
SYNTH_VESSEL_14,2026-09-01T23:05:18Z,25.716452,53.748524,11.8,10.6
SYNTH_VESSEL_14,2026-09-01T23:09:18Z,25.729335,53.751196,11.7,12.2
SYNTH_VESSEL_14,2026-09-01T23:13:18Z,25.742046,53.754259,11.9,14.7
SYNTH_VESSEL_14,2026-09-01T23:17:18Z,25.754760,53.757964,12.0,16.2
SYNTH_VESSEL_15,2026-09-01T18:12:17Z,25.374037,54.274580,9.0,272.2
SYNTH_VESSEL_15,2026-09-01T18:16:17Z,25.374426,54.263517,9.1,271.7
SYNTH_VESSEL_15,2026-09-01T18:20:17Z,25.374731,54.252387,9.1,271.1
SYNTH_VESSEL_15,2026-09-01T18:24:17Z,25.374925,54.241226,9.1,270.2
SYNTH_VESSEL_15,2026-09-01T18:28:17Z,25.374967,54.229995,9.1,269.4
SYNTH_VESSEL_15,2026-09-01T18:32:17Z,25.374866,54.218782,9.2,269.0
SYNTH_VESSEL_15,2026-09-01T18:36:17Z,25.374681,54.207443,9.2,269.1
SYNTH_VESSEL_15,2026-09-01T18:40:17Z,25.374516,54.196155,9.2,269.0
SYNTH_VESSEL_15,2026-09-01T18:44:17Z,25.374345,54.184921,9.3,269.1
SYNTH_VESSEL_15,2026-09-01T18:48:17Z,25.374184,54.173512,9.2,268.4
SYNTH_VESSEL_15,2026-09-01T18:52:17Z,25.373903,54.162243,9.3,267.8
SYNTH_VESSEL_15,2026-09-01T18:56:17Z,25.373498,54.150829,9.2,267.1
SYNTH_VESSEL_15,2026-09-01T19:00:17Z,25.372984,54.139562,9.2,266.8
SYNTH_VESSEL_15,2026-09-01T19:04:17Z,25.372407,54.128281,9.1,266.3
SYNTH_VESSEL_15,2026-09-01T19:08:17Z,25.371750,54.117111,9.2,265.8
SYNTH_VESSEL_15,2026-09-01T19:12:17Z,25.370996,54.105846,9.2,265.3
SYNTH_VESSEL_15,2026-09-01T19:16:17Z,25.370166,54.094627,9.1,265.4
SYNTH_VESSEL_15,2026-09-01T19:20:17Z,25.369359,54.083434,9.0,265.1
SYNTH_VESSEL_15,2026-09-01T19:24:17Z,25.368495,54.072368,9.1,264.7
SYNTH_VESSEL_15,2026-09-01T19:28:17Z,25.367556,54.061276,9.1,263.9
SYNTH_VESSEL_15,2026-09-01T19:32:17Z,25.366477,54.050155,9.0,264.0
SYNTH_VESSEL_15,2026-09-01T19:36:17Z,25.365437,54.039165,9.1,264.2
SYNTH_VESSEL_15,2026-09-01T19:40:17Z,25.364414,54.028040,9.1,263.9
SYNTH_VESSEL_15,2026-09-01T19:44:17Z,25.363336,54.016964,9.0,263.6
SYNTH_VESSEL_15,2026-09-01T19:48:17Z,25.362219,54.005967,9.1,262.8
SYNTH_VESSEL_15,2026-09-01T19:52:17Z,25.360956,53.994932,9.1,262.5
SYNTH_VESSEL_15,2026-09-01T19:56:17Z,25.359633,53.983818,9.0,262.7
SYNTH_VESSEL_15,2026-09-01T20:00:17Z,25.358354,53.972815,9.0,262.6
SYNTH_VESSEL_15,2026-09-01T20:04:17Z,25.357081,53.961909,9.1,262.7
SYNTH_VESSEL_15,2026-09-01T20:08:17Z,25.355799,53.950885,8.9,262.2
SYNTH_VESSEL_15,2026-09-01T20:12:17Z,25.354461,53.940020,9.0,261.8
SYNTH_VESSEL_15,2026-09-01T20:16:17Z,25.353049,53.929113,8.9,261.3
SYNTH_VESSEL_15,2026-09-01T20:20:17Z,25.351555,53.918364,8.7,260.5
SYNTH_VESSEL_15,2026-09-01T20:24:17Z,25.349958,53.907818,8.8,260.7
SYNTH_VESSEL_15,2026-09-01T20:28:17Z,25.348366,53.897108,9.0,260.6
SYNTH_VESSEL_15,2026-09-01T20:32:17Z,25.346732,53.886225,9.0,260.1
SYNTH_VESSEL_15,2026-09-01T20:36:17Z,25.345006,53.875300,9.0,259.4
SYNTH_VESSEL_15,2026-09-01T20:40:17Z,25.343176,53.864485,8.8,259.0
SYNTH_VESSEL_15,2026-09-01T20:44:17Z,25.341302,53.853859,8.7,259.0
SYNTH_VESSEL_15,2026-09-01T20:48:17Z,25.339446,53.843331,8.8,258.3
SYNTH_VESSEL_15,2026-09-01T20:52:17Z,25.337472,53.832795,8.7,257.8
SYNTH_VESSEL_15,2026-09-01T20:56:17Z,25.335431,53.822358,8.6,257.6
SYNTH_VESSEL_15,2026-09-01T21:00:17Z,25.333384,53.812080,8.5,257.3
SYNTH_VESSEL_15,2026-09-01T21:04:17Z,25.331299,53.801858,8.7,257.4
SYNTH_VESSEL_15,2026-09-01T21:08:17Z,25.329209,53.791482,8.6,256.9
SYNTH_VESSEL_15,2026-09-01T21:12:17Z,25.327057,53.781245,8.7,256.9
SYNTH_VESSEL_15,2026-09-01T21:16:17Z,25.324872,53.770848,8.6,256.3
SYNTH_VESSEL_15,2026-09-01T21:20:17Z,25.322615,53.760592,8.7,256.0
SYNTH_VESSEL_15,2026-09-01T21:24:17Z,25.320281,53.750221,8.7,255.6
SYNTH_VESSEL_15,2026-09-01T21:28:17Z,25.317887,53.739914,8.8,255.4
SYNTH_VESSEL_15,2026-09-01T21:32:17Z,25.315426,53.729445,8.8,254.6
SYNTH_VESSEL_15,2026-09-01T21:36:17Z,25.312841,53.719028,8.7,254.3
SYNTH_VESSEL_15,2026-09-01T21:40:17Z,25.310239,53.708802,8.5,254.1
SYNTH_VESSEL_15,2026-09-01T21:44:17Z,25.307645,53.698731,8.5,253.9
SYNTH_VESSEL_15,2026-09-01T21:48:17Z,25.305022,53.688688,8.5,253.1
SYNTH_VESSEL_15,2026-09-01T21:52:17Z,25.302262,53.678655,8.5,252.5
SYNTH_VESSEL_15,2026-09-01T21:56:17Z,25.299416,53.668659,8.6,251.8
SYNTH_VESSEL_15,2026-09-01T22:00:17Z,25.296458,53.658680,8.7,251.6
SYNTH_VESSEL_15,2026-09-01T22:04:17Z,25.293432,53.648607,8.6,251.1
SYNTH_VESSEL_15,2026-09-01T22:08:17Z,25.290320,53.638573,8.6,251.1
SYNTH_VESSEL_15,2026-09-01T22:12:17Z,25.287228,53.628579,8.6,250.4
SYNTH_VESSEL_15,2026-09-01T22:16:17Z,25.284016,53.618619,8.8,250.1
SYNTH_VESSEL_15,2026-09-01T22:20:17Z,25.280702,53.608510,8.9,250.3
SYNTH_VESSEL_15,2026-09-01T22:24:17Z,25.277369,53.598220,9.0,250.5
SYNTH_VESSEL_15,2026-09-01T22:28:17Z,25.274028,53.587794,9.1,250.1
SYNTH_VESSEL_15,2026-09-01T22:32:17Z,25.270579,53.577266,9.3,250.2
SYNTH_VESSEL_15,2026-09-01T22:36:17Z,25.267096,53.566563,9.1,249.8
SYNTH_VESSEL_15,2026-09-01T22:40:17Z,25.263598,53.556059,9.2,249.6
SYNTH_VESSEL_15,2026-09-01T22:44:17Z,25.260036,53.545484,9.2,249.1
SYNTH_VESSEL_15,2026-09-01T22:48:17Z,25.256372,53.534896,9.3,248.7
SYNTH_VESSEL_15,2026-09-01T22:52:17Z,25.252614,53.524254,9.4,248.1
SYNTH_VESSEL_15,2026-09-01T22:56:17Z,25.248726,53.513555,9.3,248.1
SYNTH_VESSEL_15,2026-09-01T23:00:17Z,25.244888,53.503004,9.1,248.1
SYNTH_VESSEL_15,2026-09-01T23:04:17Z,25.241117,53.492615,9.1,247.9
SYNTH_VESSEL_15,2026-09-01T23:08:17Z,25.237340,53.482315,9.2,248.0
SYNTH_VESSEL_15,2026-09-01T23:12:17Z,25.233541,53.471911,9.3,248.2
SYNTH_VESSEL_15,2026-09-01T23:16:17Z,25.229713,53.461339,9.2,248.1
SYNTH_VESSEL_15,2026-09-01T23:20:17Z,25.225929,53.450929,9.1,248.0
SYNTH_VESSEL_15,2026-09-01T23:24:17Z,25.222143,53.440563,9.1,247.7
SYNTH_VESSEL_15,2026-09-01T23:28:17Z,25.218302,53.430208,9.2,247.1
SYNTH_VESSEL_16,2026-09-01T15:01:49Z,25.395714,54.465146,8.5,68.8
SYNTH_VESSEL_16,2026-09-01T15:05:49Z,25.399141,54.474910,8.6,66.7
SYNTH_VESSEL_16,2026-09-01T15:09:49Z,25.402904,54.484565,8.5,64.7
SYNTH_VESSEL_16,2026-09-01T15:13:49Z,25.406946,54.494016,8.4,62.6
SYNTH_VESSEL_16,2026-09-01T15:17:49Z,25.411256,54.503204,8.4,60.3
SYNTH_VESSEL_16,2026-09-01T15:21:49Z,25.415846,54.512115,8.4,57.9
SYNTH_VESSEL_16,2026-09-01T15:25:49Z,25.420785,54.520844,8.4,55.3
SYNTH_VESSEL_16,2026-09-01T15:29:49Z,25.426118,54.529359,8.5,52.7
SYNTH_VESSEL_16,2026-09-01T15:33:49Z,25.431810,54.537628,8.6,50.2
SYNTH_VESSEL_16,2026-09-01T15:37:49Z,25.437886,54.545705,8.5,47.7
SYNTH_VESSEL_16,2026-09-01T15:41:49Z,25.444254,54.553448,8.5,45.1
SYNTH_VESSEL_16,2026-09-01T15:45:49Z,25.450891,54.560819,8.4,43.0
SYNTH_VESSEL_16,2026-09-01T15:49:49Z,25.457705,54.567852,8.3,40.9
SYNTH_VESSEL_16,2026-09-01T15:53:49Z,25.464666,54.574535,8.2,38.7
SYNTH_VESSEL_16,2026-09-01T15:57:49Z,25.471737,54.580815,8.3,36.3
SYNTH_VESSEL_16,2026-09-01T16:01:49Z,25.479117,54.586820,8.1,33.8
SYNTH_VESSEL_16,2026-09-01T16:05:49Z,25.486597,54.592371,8.2,31.6
SYNTH_VESSEL_16,2026-09-01T16:09:49Z,25.494359,54.597662,8.3,29.8
SYNTH_VESSEL_16,2026-09-01T16:13:49Z,25.502311,54.602713,8.3,27.6
SYNTH_VESSEL_16,2026-09-01T16:17:49Z,25.510494,54.607461,8.3,25.3
SYNTH_VESSEL_16,2026-09-01T16:21:49Z,25.518856,54.611845,8.3,23.1
SYNTH_VESSEL_16,2026-09-01T16:25:49Z,25.527306,54.615833,8.4,20.9
SYNTH_VESSEL_16,2026-09-01T16:29:49Z,25.536039,54.619527,8.3,19.3
SYNTH_VESSEL_16,2026-09-01T16:33:49Z,25.544766,54.622909,8.3,16.6
SYNTH_VESSEL_16,2026-09-01T16:37:49Z,25.553626,54.625832,8.2,14.3
SYNTH_VESSEL_16,2026-09-01T16:41:49Z,25.562468,54.628324,8.3,11.7
SYNTH_VESSEL_16,2026-09-01T16:45:49Z,25.571450,54.630385,8.4,10.0
SYNTH_VESSEL_16,2026-09-01T16:49:49Z,25.580596,54.632171,8.4,7.4
SYNTH_VESSEL_16,2026-09-01T16:53:49Z,25.589780,54.633497,8.4,5.5
SYNTH_VESSEL_16,2026-09-01T16:57:49Z,25.599007,54.634486,8.4,3.4
SYNTH_VESSEL_16,2026-09-01T17:01:49Z,25.608290,54.635105,8.4,1.4
SYNTH_VESSEL_16,2026-09-01T17:05:49Z,25.617566,54.635361,8.5,358.9
SYNTH_VESSEL_16,2026-09-01T17:09:49Z,25.626951,54.635154,8.5,356.8
SYNTH_VESSEL_16,2026-09-01T17:13:49Z,25.636371,54.634567,8.6,354.3
SYNTH_VESSEL_16,2026-09-01T17:17:49Z,25.645904,54.633513,8.7,351.9
SYNTH_VESSEL_16,2026-09-01T17:21:49Z,25.655410,54.632011,8.7,349.8
SYNTH_VESSEL_16,2026-09-01T17:25:49Z,25.664941,54.630109,8.6,347.3
SYNTH_VESSEL_16,2026-09-01T17:29:49Z,25.674293,54.627775,8.7,345.7
SYNTH_VESSEL_16,2026-09-01T17:33:49Z,25.683623,54.625139,8.6,343.8
SYNTH_VESSEL_16,2026-09-01T17:37:49Z,25.692742,54.622207,8.6,341.9
SYNTH_VESSEL_16,2026-09-01T17:41:49Z,25.701838,54.618912,8.7,340.2
SYNTH_VESSEL_16,2026-09-01T17:45:49Z,25.710942,54.615276,8.8,338.4
SYNTH_VESSEL_16,2026-09-01T17:49:49Z,25.720033,54.611279,9.0,335.8
SYNTH_VESSEL_16,2026-09-01T17:53:49Z,25.729092,54.606754,8.9,333.5
SYNTH_VESSEL_16,2026-09-01T17:57:49Z,25.737972,54.601845,8.8,331.4
SYNTH_VESSEL_16,2026-09-01T18:01:49Z,25.746570,54.596648,8.9,329.8
SYNTH_VESSEL_16,2026-09-01T18:05:49Z,25.755112,54.591123,8.9,327.2
SYNTH_VESSEL_16,2026-09-01T18:09:49Z,25.763439,54.585169,9.0,324.7
SYNTH_VESSEL_16,2026-09-01T18:13:49Z,25.771603,54.578761,9.1,322.5
SYNTH_VESSEL_16,2026-09-01T18:17:49Z,25.779579,54.571957,9.0,320.8
SYNTH_VESSEL_16,2026-09-01T18:21:49Z,25.787339,54.564922,9.0,318.3
SYNTH_VESSEL_16,2026-09-01T18:25:49Z,25.794790,54.557553,9.0,316.1
SYNTH_VESSEL_16,2026-09-01T18:29:49Z,25.801984,54.549870,9.0,313.5
SYNTH_VESSEL_16,2026-09-01T18:33:49Z,25.808837,54.541862,8.9,311.9
SYNTH_VESSEL_16,2026-09-01T18:37:49Z,25.815436,54.533687,8.9,310.2
SYNTH_VESSEL_16,2026-09-01T18:41:49Z,25.821778,54.525339,8.9,308.2
SYNTH_VESSEL_16,2026-09-01T18:45:49Z,25.827895,54.516702,9.0,306.1
SYNTH_VESSEL_16,2026-09-01T18:49:49Z,25.833795,54.507701,9.0,304.1
SYNTH_VESSEL_16,2026-09-01T18:53:49Z,25.839414,54.498478,8.9,301.9
SYNTH_VESSEL_16,2026-09-01T18:57:49Z,25.844655,54.489125,9.1,299.9
SYNTH_VESSEL_16,2026-09-01T19:01:49Z,25.849662,54.479432,9.0,297.5
SYNTH_VESSEL_16,2026-09-01T19:05:49Z,25.854268,54.469583,9.1,295.1
SYNTH_VESSEL_16,2026-09-01T19:09:49Z,25.858544,54.459461,9.1,293.0
SYNTH_VESSEL_16,2026-09-01T19:13:49Z,25.862479,54.449180,9.1,291.0
SYNTH_VESSEL_16,2026-09-01T19:17:49Z,25.866102,54.438682,9.1,289.1
SYNTH_VESSEL_16,2026-09-01T19:21:49Z,25.869402,54.428113,9.2,287.5
SYNTH_VESSEL_16,2026-09-01T19:25:49Z,25.872456,54.417347,9.3,285.5
SYNTH_VESSEL_16,2026-09-01T19:29:49Z,25.875199,54.406351,9.3,283.6
SYNTH_VESSEL_16,2026-09-01T19:33:49Z,25.877631,54.395147,9.2,280.9
SYNTH_VESSEL_16,2026-09-01T19:37:49Z,25.879572,54.383974,9.2,278.8
SYNTH_VESSEL_16,2026-09-01T19:41:49Z,25.881136,54.372711,9.4,276.2
SYNTH_VESSEL_16,2026-09-01T19:45:49Z,25.882256,54.361237,9.2,273.9
SYNTH_VESSEL_16,2026-09-01T19:49:49Z,25.882947,54.349877,9.4,272.0
SYNTH_VESSEL_16,2026-09-01T19:53:49Z,25.883306,54.338321,9.4,270.1
SYNTH_VESSEL_16,2026-09-01T19:57:49Z,25.883329,54.326745,9.3,267.9
SYNTH_VESSEL_16,2026-09-01T20:01:49Z,25.882956,54.315287,9.2,265.9
SYNTH_VESSEL_16,2026-09-01T20:05:49Z,25.882224,54.303924,9.2,264.0
SYNTH_VESSEL_16,2026-09-01T20:09:49Z,25.881153,54.292684,9.0,261.6
SYNTH_VESSEL_16,2026-09-01T20:13:49Z,25.879692,54.281680,8.9,259.4
SYNTH_VESSEL_16,2026-09-01T20:17:49Z,25.877877,54.270850,9.1,257.5
SYNTH_VESSEL_17,2026-09-01T14:45:51Z,25.322801,54.543168,12.5,188.1
SYNTH_VESSEL_17,2026-09-01T14:49:51Z,25.309033,54.541012,12.4,189.2
SYNTH_VESSEL_17,2026-09-01T14:53:51Z,25.295409,54.538572,12.5,190.6
SYNTH_VESSEL_17,2026-09-01T14:57:51Z,25.281761,54.535737,12.5,192.0
SYNTH_VESSEL_17,2026-09-01T15:01:51Z,25.268243,54.532573,12.4,192.7
SYNTH_VESSEL_17,2026-09-01T15:05:51Z,25.254837,54.529220,12.5,193.4
SYNTH_VESSEL_17,2026-09-01T15:09:51Z,25.241387,54.525690,12.6,194.8
SYNTH_VESSEL_17,2026-09-01T15:13:51Z,25.227923,54.521761,12.5,195.7
SYNTH_VESSEL_17,2026-09-01T15:17:51Z,25.214560,54.517623,12.4,196.4
SYNTH_VESSEL_17,2026-09-01T15:21:51Z,25.201337,54.513317,12.4,197.8
SYNTH_VESSEL_17,2026-09-01T15:25:51Z,25.188212,54.508659,12.3,198.5
SYNTH_VESSEL_17,2026-09-01T15:29:51Z,25.175236,54.503852,12.3,199.4
SYNTH_VESSEL_17,2026-09-01T15:33:51Z,25.162408,54.498863,12.2,200.8
SYNTH_VESSEL_17,2026-09-01T15:37:51Z,25.149717,54.493548,12.2,202.2
SYNTH_VESSEL_17,2026-09-01T15:41:51Z,25.137215,54.487907,12.3,203.1
SYNTH_VESSEL_17,2026-09-01T15:45:51Z,25.124670,54.481987,12.2,203.8
SYNTH_VESSEL_17,2026-09-01T15:49:51Z,25.112264,54.475941,12.4,205.1
SYNTH_VESSEL_17,2026-09-01T15:53:51Z,25.099845,54.469508,12.5,206.0
SYNTH_VESSEL_17,2026-09-01T15:57:51Z,25.087434,54.462820,12.3,207.3
SYNTH_VESSEL_17,2026-09-01T16:01:51Z,25.075311,54.455907,12.3,208.7
SYNTH_VESSEL_17,2026-09-01T16:05:51Z,25.063335,54.448658,12.4,210.2
SYNTH_VESSEL_17,2026-09-01T16:09:51Z,25.051406,54.441003,12.5,211.0
SYNTH_VESSEL_17,2026-09-01T16:13:51Z,25.039560,54.433139,12.6,211.6
SYNTH_VESSEL_17,2026-09-01T16:17:51Z,25.027667,54.425070,12.7,213.2
SYNTH_VESSEL_17,2026-09-01T16:21:51Z,25.015917,54.416588,12.7,213.8
SYNTH_VESSEL_17,2026-09-01T16:25:51Z,25.004181,54.407911,12.6,215.2
SYNTH_VESSEL_17,2026-09-01T16:29:51Z,24.992776,54.399025,12.6,216.5
SYNTH_VESSEL_17,2026-09-01T16:33:51Z,24.981516,54.389847,12.6,218.0
SYNTH_VESSEL_17,2026-09-01T16:37:51Z,24.970491,54.380331,12.7,219.7
SYNTH_VESSEL_17,2026-09-01T16:41:51Z,24.959678,54.370445,12.6,220.8
SYNTH_VESSEL_17,2026-09-01T16:45:51Z,24.949079,54.360357,12.5,221.6
SYNTH_VESSEL_17,2026-09-01T16:49:51Z,24.938699,54.350197,12.5,223.0
SYNTH_VESSEL_17,2026-09-01T16:53:51Z,24.928539,54.339759,12.4,224.2
SYNTH_VESSEL_17,2026-09-01T16:57:51Z,24.918648,54.329157,12.3,225.7
SYNTH_VESSEL_17,2026-09-01T17:01:51Z,24.909121,54.318411,12.4,226.7
SYNTH_VESSEL_17,2026-09-01T17:05:51Z,24.899675,54.307373,12.4,227.8
SYNTH_VESSEL_17,2026-09-01T17:09:51Z,24.890476,54.296171,12.3,228.8
SYNTH_VESSEL_17,2026-09-01T17:13:51Z,24.881511,54.284878,12.3,230.0
SYNTH_VESSEL_17,2026-09-01T17:17:51Z,24.872739,54.273349,12.4,231.4
SYNTH_VESSEL_17,2026-09-01T17:21:51Z,24.864158,54.261497,12.3,232.2
SYNTH_VESSEL_17,2026-09-01T17:25:51Z,24.855772,54.249567,12.3,232.8
SYNTH_VESSEL_17,2026-09-01T17:29:51Z,24.847547,54.237638,12.3,233.4
SYNTH_VESSEL_17,2026-09-01T17:33:51Z,24.839436,54.225611,12.4,234.7
SYNTH_VESSEL_17,2026-09-01T17:37:51Z,24.831527,54.213287,12.3,236.0
SYNTH_VESSEL_17,2026-09-01T17:41:51Z,24.823873,54.200805,12.3,237.4
SYNTH_VESSEL_17,2026-09-01T17:45:51Z,24.816494,54.188093,12.2,238.2
SYNTH_VESSEL_17,2026-09-01T17:49:51Z,24.809348,54.175383,12.3,238.9
SYNTH_VESSEL_17,2026-09-01T17:53:51Z,24.802317,54.162524,12.4,240.5
SYNTH_VESSEL_17,2026-09-01T17:57:51Z,24.795576,54.149373,12.5,241.8
SYNTH_VESSEL_17,2026-09-01T18:01:51Z,24.789042,54.135938,12.5,242.4
SYNTH_VESSEL_17,2026-09-01T18:05:51Z,24.782606,54.122356,12.6,243.5
SYNTH_VESSEL_17,2026-09-01T18:09:51Z,24.776384,54.108600,12.5,244.7
SYNTH_VESSEL_17,2026-09-01T18:13:51Z,24.770468,54.094798,12.4,245.9
SYNTH_VESSEL_17,2026-09-01T18:17:51Z,24.764875,54.080998,12.3,247.3
SYNTH_VESSEL_17,2026-09-01T18:21:51Z,24.759612,54.067145,12.2,248.8
SYNTH_VESSEL_17,2026-09-01T18:25:51Z,24.754724,54.053299,12.1,249.6
SYNTH_VESSEL_17,2026-09-01T18:29:51Z,24.750035,54.039432,12.2,250.3
SYNTH_VESSEL_17,2026-09-01T18:33:51Z,24.745476,54.025375,12.3,251.7
SYNTH_VESSEL_17,2026-09-01T18:37:51Z,24.741195,54.011081,12.2,252.9
SYNTH_VESSEL_17,2026-09-01T18:41:51Z,24.737192,53.996792,12.1,253.7
SYNTH_VESSEL_17,2026-09-01T18:45:51Z,24.733436,53.982608,12.2,255.0
SYNTH_VESSEL_17,2026-09-01T18:49:51Z,24.729923,53.968201,12.2,255.7
SYNTH_VESSEL_17,2026-09-01T18:53:51Z,24.726580,53.953798,12.3,256.5
SYNTH_VESSEL_17,2026-09-01T18:57:51Z,24.723416,53.939233,12.3,257.9
SYNTH_VESSEL_17,2026-09-01T19:01:51Z,24.720551,53.924574,12.3,259.4
SYNTH_VESSEL_17,2026-09-01T19:05:51Z,24.718048,53.909860,12.2,260.3
SYNTH_VESSEL_17,2026-09-01T19:09:51Z,24.715756,53.895138,12.3,261.3
SYNTH_VESSEL_17,2026-09-01T19:13:51Z,24.713694,53.880352,12.3,262.7
SYNTH_VESSEL_17,2026-09-01T19:17:51Z,24.711943,53.865405,12.4,263.3
SYNTH_VESSEL_17,2026-09-01T19:21:51Z,24.710347,53.850371,12.3,264.0
SYNTH_VESSEL_17,2026-09-01T19:25:51Z,24.708913,53.835427,12.2,264.6
SYNTH_VESSEL_17,2026-09-01T19:29:51Z,24.707637,53.820623,12.2,266.1
SYNTH_VESSEL_17,2026-09-01T19:33:51Z,24.706720,53.805746,12.1,266.9
SYNTH_VESSEL_17,2026-09-01T19:37:51Z,24.705999,53.790962,12.2,267.5
SYNTH_VESSEL_17,2026-09-01T19:41:51Z,24.705408,53.776058,12.3,269.1
SYNTH_VESSEL_17,2026-09-01T19:45:51Z,24.705193,53.761008,12.3,270.6
SYNTH_VESSEL_17,2026-09-01T19:49:51Z,24.705346,53.746044,12.2,271.9
SYNTH_VESSEL_17,2026-09-01T19:53:51Z,24.705785,53.731188,12.1,272.9
SYNTH_VESSEL_17,2026-09-01T19:57:51Z,24.706455,53.716426,12.0,273.4
SYNTH_VESSEL_17,2026-09-01T20:01:51Z,24.707251,53.701799,12.1,274.4
SYNTH_VESSEL_18,2026-09-01T13:59:10Z,25.498312,54.448546,12.5,261.2
SYNTH_VESSEL_18,2026-09-01T14:03:10Z,25.496178,54.433313,12.5,263.1
SYNTH_VESSEL_18,2026-09-01T14:07:10Z,25.494518,54.418048,12.4,264.8
SYNTH_VESSEL_18,2026-09-01T14:11:10Z,25.493275,54.402858,12.4,267.0
SYNTH_VESSEL_18,2026-09-01T14:15:10Z,25.492567,54.387685,12.3,268.9
SYNTH_VESSEL_18,2026-09-01T14:19:10Z,25.492316,54.372590,12.2,270.7
SYNTH_VESSEL_18,2026-09-01T14:23:10Z,25.492484,54.357633,12.2,273.0
SYNTH_VESSEL_18,2026-09-01T14:27:10Z,25.493196,54.342651,12.2,274.7
SYNTH_VESSEL_18,2026-09-01T14:31:10Z,25.494302,54.327753,12.0,276.0
SYNTH_VESSEL_18,2026-09-01T14:35:10Z,25.495692,54.313060,11.9,277.4
SYNTH_VESSEL_18,2026-09-01T14:39:10Z,25.497405,54.298510,12.1,278.9
SYNTH_VESSEL_18,2026-09-01T14:43:10Z,25.499475,54.283847,11.9,280.3
SYNTH_VESSEL_18,2026-09-01T14:47:10Z,25.501845,54.269410,12.0,282.0
SYNTH_VESSEL_18,2026-09-01T14:51:10Z,25.504606,54.254992,12.1,283.4
SYNTH_VESSEL_18,2026-09-01T14:55:10Z,25.507721,54.240552,12.0,285.5
SYNTH_VESSEL_18,2026-09-01T14:59:10Z,25.511261,54.226374,12.1,287.5
SYNTH_VESSEL_18,2026-09-01T15:03:10Z,25.515307,54.212174,12.0,289.9
SYNTH_VESSEL_18,2026-09-01T15:07:10Z,25.519850,54.198250,11.9,291.3
SYNTH_VESSEL_18,2026-09-01T15:11:10Z,25.524656,54.184622,12.0,293.7
SYNTH_VESSEL_18,2026-09-01T15:15:10Z,25.529994,54.171145,12.1,295.1
SYNTH_VESSEL_18,2026-09-01T15:19:10Z,25.535670,54.157720,12.2,296.9
SYNTH_VESSEL_18,2026-09-01T15:23:10Z,25.541794,54.144341,12.1,298.9
SYNTH_VESSEL_18,2026-09-01T15:27:10Z,25.548301,54.131298,12.1,300.6
SYNTH_VESSEL_18,2026-09-01T15:31:10Z,25.555117,54.118548,11.9,302.9
SYNTH_VESSEL_18,2026-09-01T15:35:10Z,25.562304,54.106225,12.0,304.4
SYNTH_VESSEL_18,2026-09-01T15:39:10Z,25.569824,54.094070,12.0,306.7
SYNTH_VESSEL_18,2026-09-01T15:43:10Z,25.577797,54.082226,12.2,309.1
SYNTH_VESSEL_18,2026-09-01T15:47:10Z,25.586302,54.070624,12.2,311.0
SYNTH_VESSEL_18,2026-09-01T15:51:10Z,25.595208,54.059280,12.4,313.2
SYNTH_VESSEL_18,2026-09-01T15:55:10Z,25.604600,54.048199,12.5,314.7
SYNTH_VESSEL_18,2026-09-01T15:59:10Z,25.614354,54.037273,12.5,316.8
SYNTH_VESSEL_18,2026-09-01T16:03:10Z,25.624503,54.026711,12.6,318.2
SYNTH_VESSEL_18,2026-09-01T16:07:10Z,25.634890,54.016399,12.6,320.1
SYNTH_VESSEL_18,2026-09-01T16:11:10Z,25.645588,54.006473,12.6,322.1
SYNTH_VESSEL_18,2026-09-01T16:15:10Z,25.656609,53.996946,12.7,323.7
SYNTH_VESSEL_18,2026-09-01T16:19:10Z,25.667933,53.987722,12.7,326.0
SYNTH_VESSEL_18,2026-09-01T16:23:10Z,25.679645,53.978964,12.9,328.1
SYNTH_VESSEL_18,2026-09-01T16:27:10Z,25.691758,53.970587,12.9,330.0
SYNTH_VESSEL_18,2026-09-01T16:31:10Z,25.704150,53.962633,13.0,331.8
SYNTH_VESSEL_18,2026-09-01T16:35:10Z,25.716829,53.955078,13.0,333.7
SYNTH_VESSEL_18,2026-09-01T16:39:10Z,25.729733,53.948010,12.9,336.0
SYNTH_VESSEL_18,2026-09-01T16:43:10Z,25.742769,53.941560,12.8,338.1
SYNTH_VESSEL_18,2026-09-01T16:47:10Z,25.755971,53.935677,12.9,340.2
SYNTH_VESSEL_18,2026-09-01T16:51:10Z,25.769407,53.930309,12.9,342.4
SYNTH_VESSEL_18,2026-09-01T16:55:10Z,25.783086,53.925496,13.1,344.5
SYNTH_VESSEL_18,2026-09-01T16:59:10Z,25.797047,53.921183,13.0,346.2
SYNTH_VESSEL_18,2026-09-01T17:03:10Z,25.811070,53.917361,13.1,348.2
SYNTH_VESSEL_18,2026-09-01T17:07:10Z,25.825317,53.914056,13.1,349.6
SYNTH_VESSEL_18,2026-09-01T17:11:10Z,25.839613,53.911137,13.1,351.0
SYNTH_VESSEL_18,2026-09-01T17:15:10Z,25.854006,53.908603,13.3,352.4
SYNTH_VESSEL_18,2026-09-01T17:19:10Z,25.868596,53.906441,13.4,353.8
SYNTH_VESSEL_18,2026-09-01T17:23:10Z,25.883335,53.904666,13.4,355.4
SYNTH_VESSEL_18,2026-09-01T17:27:10Z,25.898103,53.903341,13.4,357.7
SYNTH_VESSEL_18,2026-09-01T17:31:10Z,25.912997,53.902665,13.6,359.7
SYNTH_VESSEL_18,2026-09-01T17:35:10Z,25.928067,53.902582,13.4,1.5
SYNTH_VESSEL_18,2026-09-01T17:39:10Z,25.942975,53.903008,13.6,3.0
SYNTH_VESSEL_18,2026-09-01T17:43:10Z,25.957995,53.903881,13.6,4.8
SYNTH_VESSEL_18,2026-09-01T17:47:10Z,25.972984,53.905272,13.6,7.0
SYNTH_VESSEL_18,2026-09-01T17:51:10Z,25.988010,53.907327,13.6,9.2
SYNTH_VESSEL_18,2026-09-01T17:55:10Z,26.002873,53.909994,13.4,10.8
SYNTH_VESSEL_18,2026-09-01T17:59:10Z,26.017525,53.913108,13.3,13.1
SYNTH_VESSEL_18,2026-09-01T18:03:10Z,26.031930,53.916843,13.3,14.7
SYNTH_VESSEL_18,2026-09-01T18:07:10Z,26.046151,53.921003,13.4,16.8
SYNTH_VESSEL_18,2026-09-01T18:11:10Z,26.060353,53.925773,13.4,18.9
SYNTH_VESSEL_18,2026-09-01T18:15:10Z,26.074461,53.931137,13.3,21.0
SYNTH_VESSEL_18,2026-09-01T18:19:10Z,26.088223,53.937017,13.2,22.7
SYNTH_VESSEL_18,2026-09-01T18:23:10Z,26.101724,53.943296,13.1,24.8
SYNTH_VESSEL_18,2026-09-01T18:27:10Z,26.114956,53.950106,13.2,26.1
SYNTH_VESSEL_18,2026-09-01T18:31:10Z,26.128088,53.957279,13.2,27.8
SYNTH_VESSEL_18,2026-09-01T18:35:10Z,26.141040,53.964886,13.3,30.1
SYNTH_VESSEL_18,2026-09-01T18:39:10Z,26.153853,53.973146,13.2,31.8
SYNTH_VESSEL_18,2026-09-01T18:43:10Z,26.166324,53.981746,13.2,33.2
SYNTH_VESSEL_18,2026-09-01T18:47:10Z,26.178615,53.990703,13.1,34.9
SYNTH_VESSEL_18,2026-09-01T18:51:10Z,26.190548,53.999988,13.2,36.4
SYNTH_VESSEL_18,2026-09-01T18:55:10Z,26.202368,54.009711,13.1,38.0
SYNTH_VESSEL_18,2026-09-01T18:59:10Z,26.213821,54.019689,13.2,40.3
SYNTH_VESSEL_18,2026-09-01T19:03:10Z,26.224973,54.030245,13.3,42.5
SYNTH_VESSEL_18,2026-09-01T19:07:10Z,26.235809,54.041324,13.2,44.4
SYNTH_VESSEL_18,2026-09-01T19:11:10Z,26.246267,54.052727,13.2,45.9
SYNTH_VESSEL_18,2026-09-01T19:15:10Z,26.256469,54.064458,13.4,47.4
SYNTH_VESSEL_19,2026-09-01T18:49:30Z,25.381579,54.180405,10.1,262.5
SYNTH_VESSEL_19,2026-09-01T18:53:30Z,25.380108,54.168067,10.1,260.8
SYNTH_VESSEL_19,2026-09-01T18:57:30Z,25.378331,54.155881,10.1,259.0
SYNTH_VESSEL_19,2026-09-01T19:01:30Z,25.376191,54.143667,10.1,257.2
SYNTH_VESSEL_19,2026-09-01T19:05:30Z,25.373723,54.131609,10.2,255.5
SYNTH_VESSEL_19,2026-09-01T19:09:30Z,25.370882,54.119484,10.2,253.7
SYNTH_VESSEL_19,2026-09-01T19:13:30Z,25.367707,54.107456,10.2,251.6
SYNTH_VESSEL_19,2026-09-01T19:17:30Z,25.364115,54.095520,10.1,249.7
SYNTH_VESSEL_19,2026-09-01T19:21:30Z,25.360216,54.083855,10.0,248.4
SYNTH_VESSEL_19,2026-09-01T19:25:30Z,25.356116,54.072423,9.9,246.5
SYNTH_VESSEL_19,2026-09-01T19:29:30Z,25.351750,54.061293,10.0,245.3
SYNTH_VESSEL_19,2026-09-01T19:33:30Z,25.347141,54.050194,10.1,243.3
SYNTH_VESSEL_19,2026-09-01T19:37:30Z,25.342119,54.039155,10.0,241.3
SYNTH_VESSEL_19,2026-09-01T19:41:30Z,25.336787,54.028385,10.0,239.6
SYNTH_VESSEL_19,2026-09-01T19:45:30Z,25.331198,54.017832,9.9,237.9
SYNTH_VESSEL_19,2026-09-01T19:49:30Z,25.325346,54.007497,10.0,235.8
SYNTH_VESSEL_19,2026-09-01T19:53:30Z,25.319107,53.997343,9.9,234.1
SYNTH_VESSEL_19,2026-09-01T19:57:30Z,25.312650,53.987475,10.0,232.6
SYNTH_VESSEL_19,2026-09-01T20:01:30Z,25.305937,53.977767,10.0,230.8
SYNTH_VESSEL_19,2026-09-01T20:05:30Z,25.298944,53.968276,9.9,229.3
SYNTH_VESSEL_19,2026-09-01T20:09:30Z,25.291771,53.959063,9.8,227.5
SYNTH_VESSEL_19,2026-09-01T20:13:30Z,25.284419,53.950175,9.7,226.2
SYNTH_VESSEL_19,2026-09-01T20:17:30Z,25.276938,53.941564,9.6,224.5
SYNTH_VESSEL_19,2026-09-01T20:21:30Z,25.269356,53.933311,9.5,222.8
SYNTH_VESSEL_19,2026-09-01T20:25:30Z,25.261644,53.925403,9.6,221.1
SYNTH_VESSEL_19,2026-09-01T20:29:30Z,25.253636,53.917687,9.7,219.6
SYNTH_VESSEL_19,2026-09-01T20:33:30Z,25.245336,53.910084,9.8,218.4
SYNTH_VESSEL_19,2026-09-01T20:37:30Z,25.236812,53.902607,9.8,217.0
SYNTH_VESSEL_19,2026-09-01T20:41:30Z,25.228126,53.895383,9.8,215.7
SYNTH_VESSEL_19,2026-09-01T20:45:30Z,25.219340,53.888392,9.7,214.0
SYNTH_VESSEL_19,2026-09-01T20:49:30Z,25.210443,53.881756,9.7,211.8
SYNTH_VESSEL_19,2026-09-01T20:53:30Z,25.201332,53.875505,9.6,210.4
SYNTH_VESSEL_19,2026-09-01T20:57:30Z,25.192134,53.869541,9.5,209.2
SYNTH_VESSEL_19,2026-09-01T21:01:30Z,25.182941,53.863870,9.5,207.5
SYNTH_VESSEL_19,2026-09-01T21:05:30Z,25.173566,53.858472,9.6,206.0
SYNTH_VESSEL_19,2026-09-01T21:09:30Z,25.163977,53.853309,9.8,203.9
SYNTH_VESSEL_19,2026-09-01T21:13:30Z,25.154080,53.848461,9.6,202.7
SYNTH_VESSEL_19,2026-09-01T21:17:30Z,25.144242,53.843905,9.6,200.6
SYNTH_VESSEL_19,2026-09-01T21:21:30Z,25.134283,53.839778,9.6,198.8
SYNTH_VESSEL_19,2026-09-01T21:25:30Z,25.124188,53.835984,9.6,197.0
SYNTH_VESSEL_19,2026-09-01T21:29:30Z,25.113959,53.832527,9.6,195.4
SYNTH_VESSEL_19,2026-09-01T21:33:30Z,25.103742,53.829417,9.4,193.3
SYNTH_VESSEL_19,2026-09-01T21:37:30Z,25.093572,53.826769,9.4,191.9
SYNTH_VESSEL_19,2026-09-01T21:41:30Z,25.083379,53.824397,9.3,190.1
SYNTH_VESSEL_19,2026-09-01T21:45:30Z,25.073176,53.822381,9.5,189.0
SYNTH_VESSEL_19,2026-09-01T21:49:30Z,25.062815,53.820573,9.3,186.9
SYNTH_VESSEL_19,2026-09-01T21:53:30Z,25.052527,53.819192,9.5,185.2
SYNTH_VESSEL_19,2026-09-01T21:57:30Z,25.042042,53.818141,9.5,183.2
SYNTH_VESSEL_19,2026-09-01T22:01:30Z,25.031502,53.817498,9.4,181.4
SYNTH_VESSEL_19,2026-09-01T22:05:30Z,25.021045,53.817207,9.5,180.2
SYNTH_VESSEL_19,2026-09-01T22:09:30Z,25.010468,53.817162,9.7,178.4
SYNTH_VESSEL_19,2026-09-01T22:13:30Z,24.999753,53.817494,9.6,176.8
SYNTH_VESSEL_19,2026-09-01T22:17:30Z,24.989091,53.818158,9.8,175.2
SYNTH_VESSEL_19,2026-09-01T22:21:30Z,24.978308,53.819148,9.9,173.1
SYNTH_VESSEL_19,2026-09-01T22:25:30Z,24.967444,53.820601,10.0,171.0
SYNTH_VESSEL_19,2026-09-01T22:29:30Z,24.956509,53.822514,10.1,169.5
SYNTH_VESSEL_19,2026-09-01T22:33:30Z,24.945504,53.824754,10.2,168.2
SYNTH_VESSEL_19,2026-09-01T22:37:30Z,24.934453,53.827295,10.1,167.1
SYNTH_VESSEL_19,2026-09-01T22:41:30Z,24.923588,53.830049,10.2,165.4
SYNTH_VESSEL_19,2026-09-01T22:45:30Z,24.912642,53.833192,10.2,163.9
SYNTH_VESSEL_19,2026-09-01T22:49:30Z,24.901771,53.836655,10.2,162.0
SYNTH_VESSEL_19,2026-09-01T22:53:30Z,24.890967,53.840527,10.4,160.7
SYNTH_VESSEL_19,2026-09-01T22:57:30Z,24.880127,53.844718,10.4,159.0
SYNTH_VESSEL_19,2026-09-01T23:01:30Z,24.869334,53.849276,10.5,157.6
SYNTH_VESSEL_19,2026-09-01T23:05:30Z,24.858520,53.854190,10.5,155.8
SYNTH_VESSEL_19,2026-09-01T23:09:30Z,24.847922,53.859436,10.5,154.0
SYNTH_VESSEL_19,2026-09-01T23:13:30Z,24.837458,53.865052,10.6,152.1
SYNTH_VESSEL_19,2026-09-01T23:17:30Z,24.827042,53.871119,10.6,151.0
SYNTH_VESSEL_19,2026-09-01T23:21:30Z,24.816801,53.877384,10.7,148.8
SYNTH_VESSEL_19,2026-09-01T23:25:30Z,24.806648,53.884164,10.8,147.3
SYNTH_VESSEL_19,2026-09-01T23:29:30Z,24.796579,53.891294,10.9,145.8
SYNTH_VESSEL_19,2026-09-01T23:33:30Z,24.786560,53.898808,10.9,143.5
SYNTH_VESSEL_19,2026-09-01T23:37:30Z,24.776855,53.906705,10.8,142.1
SYNTH_VESSEL_19,2026-09-01T23:41:30Z,24.767437,53.914786,10.8,140.5
SYNTH_VESSEL_19,2026-09-01T23:45:30Z,24.758188,53.923178,10.7,138.8
SYNTH_VESSEL_19,2026-09-01T23:49:30Z,24.749286,53.931760,10.5,137.1
SYNTH_VESSEL_19,2026-09-01T23:53:30Z,24.740735,53.940499,10.6,135.9
SYNTH_VESSEL_19,2026-09-01T23:57:30Z,24.732294,53.949513,10.7,134.1
SYNTH_VESSEL_19,2026-09-02T00:01:30Z,24.724054,53.958880,10.8,132.2
SYNTH_VESSEL_19,2026-09-02T00:05:30Z,24.716000,53.968642,10.7,130.5
SYNTH_VESSEL_20,2026-09-01T18:00:39Z,25.274174,54.527609,10.8,256.5
SYNTH_VESSEL_20,2026-09-01T18:04:39Z,25.271375,54.514743,10.7,256.9
SYNTH_VESSEL_20,2026-09-01T18:08:39Z,25.268667,54.501919,10.6,257.2
SYNTH_VESSEL_20,2026-09-01T18:12:39Z,25.266044,54.489201,10.6,257.3
SYNTH_VESSEL_20,2026-09-01T18:16:39Z,25.263467,54.476554,10.6,256.8
SYNTH_VESSEL_20,2026-09-01T18:20:39Z,25.260795,54.463945,10.5,257.0
SYNTH_VESSEL_20,2026-09-01T18:24:39Z,25.258191,54.451448,10.6,256.9
SYNTH_VESSEL_20,2026-09-01T18:28:39Z,25.255534,54.438795,10.6,257.3
SYNTH_VESSEL_20,2026-09-01T18:32:39Z,25.252933,54.426071,10.6,257.0
SYNTH_VESSEL_20,2026-09-01T18:36:39Z,25.250304,54.413434,10.6,256.5
SYNTH_VESSEL_20,2026-09-01T18:40:39Z,25.247570,54.400835,10.4,256.2
SYNTH_VESSEL_20,2026-09-01T18:44:39Z,25.244813,54.388402,10.5,255.8
SYNTH_VESSEL_20,2026-09-01T18:48:39Z,25.241942,54.375889,10.4,255.7
SYNTH_VESSEL_20,2026-09-01T18:52:39Z,25.239090,54.363537,10.5,255.2
SYNTH_VESSEL_20,2026-09-01T18:56:39Z,25.236111,54.351042,10.5,255.5
SYNTH_VESSEL_20,2026-09-01T19:00:39Z,25.233190,54.338586,10.5,255.6
SYNTH_VESSEL_20,2026-09-01T19:04:39Z,25.230304,54.326157,10.5,255.4
SYNTH_VESSEL_20,2026-09-01T19:08:39Z,25.227362,54.313673,10.6,255.1
SYNTH_VESSEL_20,2026-09-01T19:12:39Z,25.224338,54.301120,10.5,255.5
SYNTH_VESSEL_20,2026-09-01T19:16:39Z,25.221402,54.288604,10.7,255.6
SYNTH_VESSEL_20,2026-09-01T19:20:39Z,25.218455,54.275954,10.8,255.8
SYNTH_VESSEL_20,2026-09-01T19:24:39Z,25.215530,54.263160,10.9,255.9
SYNTH_VESSEL_20,2026-09-01T19:28:39Z,25.212583,54.250238,11.0,255.8
SYNTH_VESSEL_20,2026-09-01T19:32:39Z,25.209590,54.237205,10.8,255.8
SYNTH_VESSEL_20,2026-09-01T19:36:39Z,25.206645,54.224346,10.8,256.1
SYNTH_VESSEL_20,2026-09-01T19:40:39Z,25.203760,54.211449,10.7,256.2
SYNTH_VESSEL_20,2026-09-01T19:44:39Z,25.200911,54.198667,10.7,255.5
SYNTH_VESSEL_20,2026-09-01T19:48:39Z,25.197950,54.185973,10.7,255.2
SYNTH_VESSEL_20,2026-09-01T19:52:39Z,25.194902,54.173241,10.7,255.3
SYNTH_VESSEL_20,2026-09-01T19:56:39Z,25.191888,54.160507,10.8,255.4
SYNTH_VESSEL_20,2026-09-01T20:00:39Z,25.188847,54.147643,10.9,255.4
SYNTH_VESSEL_20,2026-09-01T20:04:39Z,25.185805,54.134724,10.9,255.2
SYNTH_VESSEL_20,2026-09-01T20:08:39Z,25.182702,54.121777,10.9,255.3
SYNTH_VESSEL_20,2026-09-01T20:12:39Z,25.179635,54.108901,10.8,255.7
SYNTH_VESSEL_20,2026-09-01T20:16:39Z,25.176686,54.096094,10.9,256.0
SYNTH_VESSEL_20,2026-09-01T20:20:39Z,25.173775,54.083157,10.8,255.4
SYNTH_VESSEL_20,2026-09-01T20:24:39Z,25.170774,54.070405,10.8,255.9
SYNTH_VESSEL_20,2026-09-01T20:28:39Z,25.167858,54.057590,10.7,256.0
SYNTH_VESSEL_20,2026-09-01T20:32:39Z,25.164991,54.044855,10.8,255.5
SYNTH_VESSEL_20,2026-09-01T20:36:39Z,25.161998,54.032096,10.9,255.7
SYNTH_VESSEL_20,2026-09-01T20:40:39Z,25.159009,54.019179,10.9,255.1
SYNTH_VESSEL_20,2026-09-01T20:44:39Z,25.155888,54.006234,11.0,255.5
SYNTH_VESSEL_20,2026-09-01T20:48:39Z,25.152827,53.993190,11.1,255.5
SYNTH_VESSEL_20,2026-09-01T20:52:39Z,25.149752,53.980021,11.0,255.0
SYNTH_VESSEL_20,2026-09-01T20:56:39Z,25.146597,53.967055,11.1,254.9
SYNTH_VESSEL_20,2026-09-01T21:00:39Z,25.143380,53.953918,11.1,254.3
SYNTH_VESSEL_20,2026-09-01T21:04:39Z,25.140060,53.940852,11.1,254.0
SYNTH_VESSEL_20,2026-09-01T21:08:39Z,25.136667,53.927782,11.0,253.6
SYNTH_VESSEL_20,2026-09-01T21:12:39Z,25.133212,53.914844,10.9,254.0
SYNTH_VESSEL_20,2026-09-01T21:16:39Z,25.129890,53.902015,10.8,254.3
SYNTH_VESSEL_20,2026-09-01T21:20:39Z,25.126640,53.889272,10.8,253.8
SYNTH_VESSEL_20,2026-09-01T21:24:39Z,25.123303,53.876612,10.8,253.5
SYNTH_VESSEL_20,2026-09-01T21:28:39Z,25.119899,53.863917,10.8,253.2
SYNTH_VESSEL_20,2026-09-01T21:32:39Z,25.116441,53.851256,10.7,252.6
SYNTH_VESSEL_20,2026-09-01T21:36:39Z,25.112894,53.838745,10.6,252.0
SYNTH_VESSEL_20,2026-09-01T21:40:39Z,25.109263,53.826396,10.7,252.4
SYNTH_VESSEL_20,2026-09-01T21:44:39Z,25.105676,53.813906,10.7,252.5
SYNTH_VESSEL_20,2026-09-01T21:48:39Z,25.102120,53.801435,10.7,252.3
SYNTH_VESSEL_20,2026-09-01T21:52:39Z,25.098500,53.788904,10.8,251.9
SYNTH_VESSEL_20,2026-09-01T21:56:39Z,25.094780,53.776362,10.9,252.2
SYNTH_VESSEL_20,2026-09-01T22:00:39Z,25.091087,53.763681,10.7,251.9
SYNTH_VESSEL_20,2026-09-01T22:04:39Z,25.087395,53.751181,10.7,252.1
SYNTH_VESSEL_20,2026-09-01T22:08:39Z,25.083736,53.738664,10.7,252.0
SYNTH_VESSEL_20,2026-09-01T22:12:39Z,25.080072,53.726180,10.9,252.5
SYNTH_VESSEL_20,2026-09-01T22:16:39Z,25.076446,53.713503,10.8,252.3
SYNTH_VESSEL_20,2026-09-01T22:20:39Z,25.072798,53.700853,10.8,252.3
SYNTH_VESSEL_20,2026-09-01T22:24:39Z,25.069163,53.688264,10.7,251.8
SYNTH_VESSEL_20,2026-09-01T22:28:39Z,25.065467,53.675848,10.8,251.8
SYNTH_VESSEL_20,2026-09-01T22:32:39Z,25.061731,53.663318,10.8,251.3
SYNTH_VESSEL_20,2026-09-01T22:36:39Z,25.057872,53.650766,10.9,250.7
SYNTH_VESSEL_20,2026-09-01T22:40:39Z,25.053877,53.638179,10.8,250.5
SYNTH_VESSEL_20,2026-09-01T22:44:39Z,25.049859,53.625665,10.9,250.8
SYNTH_VESSEL_20,2026-09-01T22:48:39Z,25.045882,53.613050,10.9,250.3
SYNTH_VESSEL_20,2026-09-01T22:52:39Z,25.041828,53.600534,10.8,250.2
SYNTH_VESSEL_20,2026-09-01T22:56:39Z,25.037753,53.588037,10.9,250.3
SYNTH_VESSEL_20,2026-09-01T23:00:39Z,25.033652,53.575429,10.8,249.8
SYNTH_VESSEL_20,2026-09-01T23:04:39Z,25.029503,53.562976,10.9,249.4
SYNTH_VESSEL_20,2026-09-01T23:08:39Z,25.025262,53.550534,10.8,249.3
SYNTH_VESSEL_20,2026-09-01T23:12:39Z,25.021023,53.538170,10.8,248.8
SYNTH_VESSEL_20,2026-09-01T23:16:39Z,25.016707,53.525867,10.7,248.2
SYNTH_VESSEL_21,2026-09-01T14:55:39Z,25.513331,54.526638,6.2,141.6
SYNTH_VESSEL_21,2026-09-01T14:59:39Z,25.507950,54.531369,6.3,142.9
SYNTH_VESSEL_21,2026-09-01T15:03:39Z,25.502350,54.536061,6.2,143.6
SYNTH_VESSEL_21,2026-09-01T15:07:39Z,25.496782,54.540604,6.2,144.8
SYNTH_VESSEL_21,2026-09-01T15:11:39Z,25.491191,54.544974,6.3,145.8
SYNTH_VESSEL_21,2026-09-01T15:15:39Z,25.485428,54.549306,6.4,147.4
SYNTH_VESSEL_21,2026-09-01T15:19:39Z,25.479454,54.553546,6.4,147.8
SYNTH_VESSEL_21,2026-09-01T15:23:39Z,25.473460,54.557720,6.4,148.4
SYNTH_VESSEL_21,2026-09-01T15:27:39Z,25.467447,54.561820,6.3,149.0
SYNTH_VESSEL_21,2026-09-01T15:31:39Z,25.461430,54.565821,6.4,149.8
SYNTH_VESSEL_21,2026-09-01T15:35:39Z,25.455335,54.569748,6.4,151.1
SYNTH_VESSEL_21,2026-09-01T15:39:39Z,25.449115,54.573553,6.4,151.9
SYNTH_VESSEL_21,2026-09-01T15:43:39Z,25.442874,54.577245,6.4,152.4
SYNTH_VESSEL_21,2026-09-01T15:47:39Z,25.436538,54.580910,6.5,153.0
SYNTH_VESSEL_21,2026-09-01T15:51:39Z,25.430139,54.584523,6.5,154.1
SYNTH_VESSEL_21,2026-09-01T15:55:39Z,25.423615,54.588034,6.5,154.8
SYNTH_VESSEL_21,2026-09-01T15:59:39Z,25.417114,54.591426,6.4,155.4
SYNTH_VESSEL_21,2026-09-01T16:03:39Z,25.410650,54.594703,6.3,155.9
SYNTH_VESSEL_21,2026-09-01T16:07:39Z,25.404284,54.597860,6.3,156.9
SYNTH_VESSEL_21,2026-09-01T16:11:39Z,25.397867,54.600894,6.3,157.4
SYNTH_VESSEL_21,2026-09-01T16:15:39Z,25.391420,54.603870,6.3,158.7
SYNTH_VESSEL_21,2026-09-01T16:19:39Z,25.384905,54.606684,6.2,159.6
SYNTH_VESSEL_21,2026-09-01T16:23:39Z,25.378487,54.609332,6.3,160.0
SYNTH_VESSEL_21,2026-09-01T16:27:39Z,25.371950,54.611960,6.4,161.5
SYNTH_VESSEL_21,2026-09-01T16:31:39Z,25.365224,54.614445,6.4,162.8
SYNTH_VESSEL_21,2026-09-01T16:35:39Z,25.358438,54.616769,6.3,163.3
SYNTH_VESSEL_21,2026-09-01T16:39:39Z,25.351704,54.619004,6.4,164.4
SYNTH_VESSEL_21,2026-09-01T16:43:39Z,25.344895,54.621113,6.4,165.4
SYNTH_VESSEL_21,2026-09-01T16:47:39Z,25.337991,54.623097,6.5,166.9
SYNTH_VESSEL_21,2026-09-01T16:51:39Z,25.330986,54.624896,6.5,168.3
SYNTH_VESSEL_21,2026-09-01T16:55:39Z,25.323936,54.626511,6.6,168.8
SYNTH_VESSEL_21,2026-09-01T16:59:39Z,25.316775,54.628080,6.6,169.8
SYNTH_VESSEL_21,2026-09-01T17:03:39Z,25.309545,54.629524,6.5,171.0
SYNTH_VESSEL_21,2026-09-01T17:07:39Z,25.302420,54.630777,6.5,172.2
SYNTH_VESSEL_21,2026-09-01T17:11:39Z,25.295250,54.631864,6.4,173.1
SYNTH_VESSEL_21,2026-09-01T17:15:39Z,25.288215,54.632800,6.4,173.9
SYNTH_VESSEL_21,2026-09-01T17:19:39Z,25.281187,54.633626,6.3,174.9
SYNTH_VESSEL_21,2026-09-01T17:23:39Z,25.274229,54.634318,6.2,175.4
SYNTH_VESSEL_21,2026-09-01T17:27:39Z,25.267413,54.634923,6.2,176.0
SYNTH_VESSEL_21,2026-09-01T17:31:39Z,25.260579,54.635454,6.3,176.9
SYNTH_VESSEL_21,2026-09-01T17:35:39Z,25.253593,54.635876,6.3,177.8
SYNTH_VESSEL_21,2026-09-01T17:39:39Z,25.246579,54.636171,6.5,178.9
SYNTH_VESSEL_21,2026-09-01T17:43:39Z,25.239399,54.636325,6.5,180.2
SYNTH_VESSEL_21,2026-09-01T17:47:39Z,25.232206,54.636295,6.6,181.6
SYNTH_VESSEL_21,2026-09-01T17:51:39Z,25.224891,54.636070,6.5,183.1
SYNTH_VESSEL_21,2026-09-01T17:55:39Z,25.217648,54.635632,6.7,183.6
SYNTH_VESSEL_21,2026-09-01T17:59:39Z,25.210281,54.635115,6.5,185.1
SYNTH_VESSEL_21,2026-09-01T18:03:39Z,25.203054,54.634397,6.6,186.3
SYNTH_VESSEL_21,2026-09-01T18:07:39Z,25.195777,54.633505,6.5,187.1
SYNTH_VESSEL_21,2026-09-01T18:11:39Z,25.188634,54.632521,6.5,188.4
SYNTH_VESSEL_21,2026-09-01T18:15:39Z,25.181539,54.631361,6.6,190.0
SYNTH_VESSEL_21,2026-09-01T18:19:39Z,25.174369,54.629966,6.6,191.2
SYNTH_VESSEL_21,2026-09-01T18:23:39Z,25.167215,54.628406,6.6,192.6
SYNTH_VESSEL_21,2026-09-01T18:27:39Z,25.160020,54.626631,6.8,193.3
SYNTH_VESSEL_21,2026-09-01T18:31:39Z,25.152700,54.624718,6.8,194.7
SYNTH_VESSEL_21,2026-09-01T18:35:39Z,25.145410,54.622604,6.7,196.0
SYNTH_VESSEL_21,2026-09-01T18:39:39Z,25.138243,54.620328,6.6,197.0
SYNTH_VESSEL_21,2026-09-01T18:43:39Z,25.131239,54.617965,6.7,197.9
SYNTH_VESSEL_21,2026-09-01T18:47:39Z,25.124129,54.615423,6.8,198.8
SYNTH_VESSEL_21,2026-09-01T18:51:39Z,25.117001,54.612742,6.7,199.7
SYNTH_VESSEL_21,2026-09-01T18:55:39Z,25.109992,54.609964,6.6,200.8
SYNTH_VESSEL_21,2026-09-01T18:59:39Z,25.103130,54.607085,6.5,201.5
SYNTH_VESSEL_21,2026-09-01T19:03:39Z,25.096372,54.604146,6.5,202.9
SYNTH_VESSEL_21,2026-09-01T19:07:39Z,25.089732,54.601051,6.5,204.1
SYNTH_VESSEL_21,2026-09-01T19:11:39Z,25.083157,54.597807,6.4,205.1
SYNTH_VESSEL_21,2026-09-01T19:15:39Z,25.076743,54.594488,6.3,206.0
SYNTH_VESSEL_21,2026-09-01T19:19:39Z,25.070496,54.591127,6.2,207.0
SYNTH_VESSEL_21,2026-09-01T19:23:39Z,25.064412,54.587699,6.0,207.9
SYNTH_VESSEL_21,2026-09-01T19:27:39Z,25.058502,54.584240,6.0,209.1
SYNTH_VESSEL_21,2026-09-01T19:31:39Z,25.052683,54.580666,5.9,210.6
SYNTH_VESSEL_21,2026-09-01T19:35:39Z,25.047051,54.576995,5.8,211.1
SYNTH_VESSEL_21,2026-09-01T19:39:39Z,25.041569,54.573341,5.7,212.5
SYNTH_VESSEL_21,2026-09-01T19:43:39Z,25.036282,54.569621,5.6,213.1
SYNTH_VESSEL_21,2026-09-01T19:47:39Z,25.031084,54.565874,5.6,214.6
SYNTH_VESSEL_21,2026-09-01T19:51:39Z,25.025949,54.561968,5.6,216.0
SYNTH_VESSEL_21,2026-09-01T19:55:39Z,25.020965,54.557974,5.5,217.4
SYNTH_VESSEL_21,2026-09-01T19:59:39Z,25.016162,54.553924,5.6,218.2
SYNTH_VESSEL_21,2026-09-01T20:03:39Z,25.011284,54.549685,5.7,219.0
SYNTH_VESSEL_21,2026-09-01T20:07:39Z,25.006412,54.545326,5.7,220.1
SYNTH_VESSEL_21,2026-09-01T20:11:39Z,25.001562,54.540820,5.8,221.5
SYNTH_VESSEL_22,2026-09-01T14:13:13Z,25.406152,54.462746,11.3,106.1
SYNTH_VESSEL_22,2026-09-01T14:17:13Z,25.402666,54.476108,11.3,106.1
SYNTH_VESSEL_22,2026-09-01T14:21:13Z,25.399207,54.489388,11.4,105.6
SYNTH_VESSEL_22,2026-09-01T14:25:13Z,25.395810,54.502872,11.3,105.8
SYNTH_VESSEL_22,2026-09-01T14:29:13Z,25.392399,54.516247,11.3,105.4
SYNTH_VESSEL_22,2026-09-01T14:33:13Z,25.389075,54.529635,11.4,105.3
SYNTH_VESSEL_22,2026-09-01T14:37:13Z,25.385736,54.543121,11.3,104.6
SYNTH_VESSEL_22,2026-09-01T14:41:13Z,25.382588,54.556511,11.2,104.3
SYNTH_VESSEL_22,2026-09-01T14:45:13Z,25.379526,54.569790,11.2,103.8
SYNTH_VESSEL_22,2026-09-01T14:49:13Z,25.376560,54.583179,11.1,103.1
SYNTH_VESSEL_22,2026-09-01T14:53:13Z,25.373757,54.596471,11.2,103.0
SYNTH_VESSEL_22,2026-09-01T14:57:13Z,25.370958,54.609899,11.1,102.9
SYNTH_VESSEL_22,2026-09-01T15:01:13Z,25.368216,54.623171,11.0,102.6
SYNTH_VESSEL_22,2026-09-01T15:05:13Z,25.365561,54.636322,10.9,101.9
SYNTH_VESSEL_22,2026-09-01T15:09:13Z,25.363058,54.649457,11.0,101.6
SYNTH_VESSEL_22,2026-09-01T15:13:13Z,25.360601,54.662665,11.1,101.3
SYNTH_VESSEL_22,2026-09-01T15:17:13Z,25.358197,54.675975,11.2,101.1
SYNTH_VESSEL_22,2026-09-01T15:21:13Z,25.355820,54.689420,11.2,101.0
SYNTH_VESSEL_22,2026-09-01T15:25:13Z,25.353431,54.702971,11.2,100.6
SYNTH_VESSEL_22,2026-09-01T15:29:13Z,25.351148,54.716534,11.2,99.9
SYNTH_VESSEL_22,2026-09-01T15:33:13Z,25.349020,54.730088,11.3,100.0
SYNTH_VESSEL_22,2026-09-01T15:37:13Z,25.346838,54.743751,11.3,99.5
SYNTH_VESSEL_22,2026-09-01T15:41:13Z,25.344779,54.757418,11.1,99.5
SYNTH_VESSEL_22,2026-09-01T15:45:13Z,25.342735,54.770904,11.2,98.7
SYNTH_VESSEL_22,2026-09-01T15:49:13Z,25.340854,54.784460,11.3,98.4
SYNTH_VESSEL_22,2026-09-01T15:53:13Z,25.339024,54.798121,11.1,98.2
SYNTH_VESSEL_22,2026-09-01T15:57:13Z,25.337271,54.811615,11.1,97.4
SYNTH_VESSEL_22,2026-09-01T16:01:13Z,25.335691,54.825121,11.1,97.3
SYNTH_VESSEL_22,2026-09-01T16:05:13Z,25.334132,54.838645,11.2,96.9
SYNTH_VESSEL_22,2026-09-01T16:09:13Z,25.332649,54.852270,11.1,96.9
SYNTH_VESSEL_22,2026-09-01T16:13:13Z,25.331164,54.865772,11.2,96.6
SYNTH_VESSEL_22,2026-09-01T16:17:13Z,25.329747,54.879372,11.2,95.9
SYNTH_VESSEL_22,2026-09-01T16:21:13Z,25.328476,54.893036,11.2,95.5
SYNTH_VESSEL_22,2026-09-01T16:25:13Z,25.327283,54.906727,11.1,95.7
SYNTH_VESSEL_22,2026-09-01T16:29:13Z,25.326067,54.920273,11.2,95.1
SYNTH_VESSEL_22,2026-09-01T16:33:13Z,25.324971,54.933922,11.1,94.7
SYNTH_VESSEL_22,2026-09-01T16:37:13Z,25.323965,54.947548,11.2,94.3
SYNTH_VESSEL_22,2026-09-01T16:41:13Z,25.323037,54.961305,11.1,93.6
SYNTH_VESSEL_22,2026-09-01T16:45:13Z,25.322264,54.974940,11.1,93.0
SYNTH_VESSEL_22,2026-09-01T16:49:13Z,25.321612,54.988505,11.2,92.4
SYNTH_VESSEL_22,2026-09-01T16:53:13Z,25.321085,55.002244,11.2,92.6
SYNTH_VESSEL_22,2026-09-01T16:57:13Z,25.320531,55.015947,11.1,92.3
SYNTH_VESSEL_22,2026-09-01T17:01:13Z,25.320040,55.029554,11.0,92.2
SYNTH_VESSEL_22,2026-09-01T17:05:13Z,25.319566,55.043040,11.0,92.1
SYNTH_VESSEL_22,2026-09-01T17:09:13Z,25.319123,55.056467,11.0,92.3
SYNTH_VESSEL_22,2026-09-01T17:13:13Z,25.318639,55.069939,10.9,92.4
SYNTH_VESSEL_22,2026-09-01T17:17:13Z,25.318124,55.083352,11.0,92.4
SYNTH_VESSEL_22,2026-09-01T17:21:13Z,25.317612,55.096808,10.9,92.1
SYNTH_VESSEL_22,2026-09-01T17:25:13Z,25.317162,55.110119,10.9,92.1
SYNTH_VESSEL_22,2026-09-01T17:29:13Z,25.316725,55.123424,10.7,92.1
SYNTH_VESSEL_22,2026-09-01T17:33:13Z,25.316296,55.136580,10.7,91.8
SYNTH_VESSEL_22,2026-09-01T17:37:13Z,25.315922,55.149647,10.7,91.5
SYNTH_VESSEL_22,2026-09-01T17:41:13Z,25.315603,55.162782,10.8,90.7
SYNTH_VESSEL_22,2026-09-01T17:45:13Z,25.315460,55.176066,10.7,90.1
SYNTH_VESSEL_22,2026-09-01T17:49:13Z,25.315431,55.189239,10.6,89.9
SYNTH_VESSEL_22,2026-09-01T17:53:13Z,25.315445,55.202269,10.5,90.1
SYNTH_VESSEL_22,2026-09-01T17:57:13Z,25.315428,55.215172,10.6,89.6
SYNTH_VESSEL_22,2026-09-01T18:01:13Z,25.315512,55.228178,10.7,89.4
SYNTH_VESSEL_22,2026-09-01T18:05:13Z,25.315631,55.241347,10.7,89.1
SYNTH_VESSEL_22,2026-09-01T18:09:13Z,25.315815,55.254470,10.6,88.6
SYNTH_VESSEL_22,2026-09-01T18:13:13Z,25.316104,55.267427,10.7,88.7
SYNTH_VESSEL_22,2026-09-01T18:17:13Z,25.316369,55.280563,10.7,88.8
SYNTH_VESSEL_22,2026-09-01T18:21:13Z,25.316617,55.293680,10.6,88.9
SYNTH_VESSEL_22,2026-09-01T18:25:13Z,25.316836,55.306667,10.6,88.9
SYNTH_VESSEL_22,2026-09-01T18:29:13Z,25.317069,55.319621,10.6,88.2
SYNTH_VESSEL_22,2026-09-01T18:33:13Z,25.317437,55.332603,10.6,87.5
SYNTH_VESSEL_22,2026-09-01T18:37:13Z,25.317955,55.345565,10.5,87.1
SYNTH_VESSEL_22,2026-09-01T18:41:13Z,25.318543,55.358470,10.6,86.5
SYNTH_VESSEL_22,2026-09-01T18:45:13Z,25.319267,55.371455,10.5,86.6
SYNTH_VESSEL_22,2026-09-01T18:49:13Z,25.319952,55.384294,10.6,86.3
SYNTH_VESSEL_22,2026-09-01T18:53:13Z,25.320711,55.397212,10.7,86.4
SYNTH_VESSEL_22,2026-09-01T18:57:13Z,25.321450,55.410287,10.7,86.5
SYNTH_VESSEL_22,2026-09-01T19:01:13Z,25.322166,55.423378,10.8,86.5
SYNTH_VESSEL_22,2026-09-01T19:05:13Z,25.322895,55.436599,10.9,86.5
SYNTH_VESSEL_22,2026-09-01T19:09:13Z,25.323626,55.449975,10.9,86.2
SYNTH_VESSEL_22,2026-09-01T19:13:13Z,25.324418,55.463294,11.0,86.0
SYNTH_VESSEL_22,2026-09-01T19:17:13Z,25.325269,55.476727,11.0,85.3
SYNTH_VESSEL_22,2026-09-01T19:21:13Z,25.326272,55.490122,10.8,84.7
SYNTH_VESSEL_22,2026-09-01T19:25:13Z,25.327374,55.503344,10.9,84.0
SYNTH_VESSEL_22,2026-09-01T19:29:13Z,25.328642,55.516704,10.9,83.8
SYNTH_VESSEL_23,2026-09-01T19:03:00Z,25.481418,54.366503,13.9,267.9
SYNTH_VESSEL_23,2026-09-01T19:07:00Z,25.480858,54.349398,13.9,267.5
SYNTH_VESSEL_23,2026-09-01T19:11:00Z,25.480178,54.332377,13.9,267.6
SYNTH_VESSEL_23,2026-09-01T19:15:00Z,25.479542,54.315313,14.0,267.0
SYNTH_VESSEL_23,2026-09-01T19:19:00Z,25.478725,54.298192,14.0,266.3
SYNTH_VESSEL_23,2026-09-01T19:23:00Z,25.477726,54.281049,14.1,266.0
SYNTH_VESSEL_23,2026-09-01T19:27:00Z,25.476624,54.263762,14.1,266.0
SYNTH_VESSEL_23,2026-09-01T19:31:00Z,25.475543,54.246531,14.1,265.9
SYNTH_VESSEL_23,2026-09-01T19:35:00Z,25.474423,54.229228,14.2,266.2
SYNTH_VESSEL_23,2026-09-01T19:39:00Z,25.473373,54.211870,14.3,265.9
SYNTH_VESSEL_23,2026-09-01T19:43:00Z,25.472245,54.194381,14.3,265.1
SYNTH_VESSEL_23,2026-09-01T19:47:00Z,25.470908,54.176935,14.3,264.6
SYNTH_VESSEL_23,2026-09-01T19:51:00Z,25.469404,54.159402,14.5,264.4
SYNTH_VESSEL_23,2026-09-01T19:55:00Z,25.467843,54.141705,14.6,264.4
SYNTH_VESSEL_23,2026-09-01T19:59:00Z,25.466280,54.123905,14.6,263.8
SYNTH_VESSEL_23,2026-09-01T20:03:00Z,25.464540,54.106052,14.7,263.2
SYNTH_VESSEL_23,2026-09-01T20:07:00Z,25.462616,54.088169,14.7,263.0
SYNTH_VESSEL_23,2026-09-01T20:11:00Z,25.460638,54.070244,14.7,262.8
SYNTH_VESSEL_23,2026-09-01T20:15:00Z,25.458591,54.052340,14.7,262.6
SYNTH_VESSEL_23,2026-09-01T20:19:00Z,25.456482,54.034402,14.7,262.3
SYNTH_VESSEL_23,2026-09-01T20:23:00Z,25.454299,54.016546,14.5,261.7
SYNTH_VESSEL_23,2026-09-01T20:27:00Z,25.451972,53.998866,14.4,261.9
SYNTH_VESSEL_23,2026-09-01T20:31:00Z,25.449707,53.981311,14.4,261.7
SYNTH_VESSEL_23,2026-09-01T20:35:00Z,25.447393,53.963760,14.5,261.1
SYNTH_VESSEL_23,2026-09-01T20:39:00Z,25.444904,53.946216,14.5,260.8
SYNTH_VESSEL_23,2026-09-01T20:43:00Z,25.442336,53.928664,14.5,260.6
SYNTH_VESSEL_23,2026-09-01T20:47:00Z,25.439695,53.911071,14.6,259.9
SYNTH_VESSEL_23,2026-09-01T20:51:00Z,25.436845,53.893361,14.6,259.4
SYNTH_VESSEL_23,2026-09-01T20:55:00Z,25.433867,53.875795,14.5,258.7
SYNTH_VESSEL_23,2026-09-01T20:59:00Z,25.430725,53.858362,14.4,258.6
SYNTH_VESSEL_23,2026-09-01T21:03:00Z,25.427567,53.841008,14.4,258.0
SYNTH_VESSEL_23,2026-09-01T21:07:00Z,25.424241,53.823752,14.3,257.4
SYNTH_VESSEL_23,2026-09-01T21:11:00Z,25.420778,53.806639,14.4,257.4
SYNTH_VESSEL_23,2026-09-01T21:15:00Z,25.417298,53.789347,14.5,256.9
SYNTH_VESSEL_23,2026-09-01T21:19:00Z,25.413657,53.771965,14.6,256.4
SYNTH_VESSEL_23,2026-09-01T21:23:00Z,25.409841,53.754527,14.5,255.6
SYNTH_VESSEL_23,2026-09-01T21:27:00Z,25.405836,53.737261,14.4,255.5
SYNTH_VESSEL_23,2026-09-01T21:31:00Z,25.401827,53.720131,14.6,254.8
SYNTH_VESSEL_23,2026-09-01T21:35:00Z,25.397603,53.702882,14.7,254.4
SYNTH_VESSEL_23,2026-09-01T21:39:00Z,25.393224,53.685540,14.6,254.4
SYNTH_VESSEL_23,2026-09-01T21:43:00Z,25.388864,53.668260,14.7,253.8
SYNTH_VESSEL_23,2026-09-01T21:47:00Z,25.384314,53.650974,14.8,253.4
SYNTH_VESSEL_23,2026-09-01T21:51:00Z,25.379638,53.633591,14.7,252.9
SYNTH_VESSEL_23,2026-09-01T21:55:00Z,25.374841,53.616351,14.6,252.4
SYNTH_VESSEL_23,2026-09-01T21:59:00Z,25.369952,53.599277,14.7,252.3
SYNTH_VESSEL_23,2026-09-01T22:03:00Z,25.365008,53.582109,14.7,252.4
SYNTH_VESSEL_23,2026-09-01T22:07:00Z,25.360107,53.564959,14.7,252.6
SYNTH_VESSEL_23,2026-09-01T22:11:00Z,25.355242,53.547735,14.8,252.5
SYNTH_VESSEL_23,2026-09-01T22:15:00Z,25.350304,53.530378,14.9,252.7
SYNTH_VESSEL_23,2026-09-01T22:19:00Z,25.345396,53.512972,14.8,252.1
SYNTH_VESSEL_23,2026-09-01T22:23:00Z,25.340361,53.495681,14.8,252.4
SYNTH_VESSEL_23,2026-09-01T22:27:00Z,25.335395,53.478312,15.0,252.6
SYNTH_VESSEL_23,2026-09-01T22:31:00Z,25.330421,53.460770,14.9,252.6
SYNTH_VESSEL_23,2026-09-01T22:35:00Z,25.325490,53.443346,14.8,252.4
SYNTH_VESSEL_23,2026-09-01T22:39:00Z,25.320507,53.425988,14.7,251.8
SYNTH_VESSEL_23,2026-09-01T22:43:00Z,25.315398,53.408823,14.7,251.0
SYNTH_VESSEL_23,2026-09-01T22:47:00Z,25.310096,53.391746,14.8,250.8
SYNTH_VESSEL_23,2026-09-01T22:51:00Z,25.304676,53.374559,14.7,251.0
SYNTH_VESSEL_23,2026-09-01T22:55:00Z,25.299352,53.357500,14.6,250.4
SYNTH_VESSEL_23,2026-09-01T22:59:00Z,25.293896,53.340580,14.8,249.8
SYNTH_VESSEL_23,2026-09-01T23:03:00Z,25.288224,53.323562,14.7,249.5
SYNTH_VESSEL_23,2026-09-01T23:07:00Z,25.282509,53.306673,14.7,249.2
SYNTH_VESSEL_23,2026-09-01T23:11:00Z,25.276717,53.289796,14.6,248.8
SYNTH_VESSEL_23,2026-09-01T23:15:00Z,25.270845,53.273056,14.6,248.4
SYNTH_VESSEL_23,2026-09-01T23:19:00Z,25.264902,53.256444,14.6,248.7
SYNTH_VESSEL_23,2026-09-01T23:23:00Z,25.259025,53.239764,14.7,248.3
SYNTH_VESSEL_23,2026-09-01T23:27:00Z,25.252982,53.223004,14.6,247.6
SYNTH_VESSEL_23,2026-09-01T23:31:00Z,25.246816,53.206435,14.6,247.8
SYNTH_VESSEL_23,2026-09-01T23:35:00Z,25.240693,53.189823,14.7,247.8
SYNTH_VESSEL_23,2026-09-01T23:39:00Z,25.234506,53.173083,14.7,247.1
SYNTH_VESSEL_23,2026-09-01T23:43:00Z,25.228138,53.156447,14.7,246.3
SYNTH_VESSEL_23,2026-09-01T23:47:00Z,25.221582,53.139901,14.6,245.6
SYNTH_VESSEL_23,2026-09-01T23:51:00Z,25.214902,53.123601,14.5,244.9
SYNTH_VESSEL_23,2026-09-01T23:55:00Z,25.208085,53.107482,14.5,245.2
SYNTH_VESSEL_23,2026-09-01T23:59:00Z,25.201371,53.091394,14.4,244.9
SYNTH_VESSEL_23,2026-09-02T00:03:00Z,25.194589,53.075385,14.5,245.2
SYNTH_VESSEL_23,2026-09-02T00:07:00Z,25.187849,53.059303,14.6,245.2
SYNTH_VESSEL_23,2026-09-02T00:11:00Z,25.181086,53.043111,14.5,245.0
SYNTH_VESSEL_23,2026-09-02T00:15:00Z,25.174306,53.027014,14.5,245.3
SYNTH_VESSEL_23,2026-09-02T00:19:00Z,25.167595,53.010890,14.6,245.1
SYNTH_VESSEL_24,2026-09-01T20:21:36Z,25.257100,54.248422,10.9,110.5
SYNTH_VESSEL_24,2026-09-01T20:25:36Z,25.252886,54.260908,11.0,111.6
SYNTH_VESSEL_24,2026-09-01T20:29:36Z,25.248404,54.273448,11.0,113.0
SYNTH_VESSEL_24,2026-09-01T20:33:36Z,25.243651,54.285806,10.9,114.1
SYNTH_VESSEL_24,2026-09-01T20:37:36Z,25.238726,54.297958,10.9,115.1
SYNTH_VESSEL_24,2026-09-01T20:41:36Z,25.233581,54.310108,10.9,116.0
SYNTH_VESSEL_24,2026-09-01T20:45:36Z,25.228279,54.322130,10.9,116.9
SYNTH_VESSEL_24,2026-09-01T20:49:36Z,25.222831,54.333991,10.8,117.6
SYNTH_VESSEL_24,2026-09-01T20:53:36Z,25.217274,54.345749,10.8,118.8
SYNTH_VESSEL_24,2026-09-01T20:57:36Z,25.211494,54.357384,10.7,120.0
SYNTH_VESSEL_24,2026-09-01T21:01:36Z,25.205572,54.368724,10.6,120.6
SYNTH_VESSEL_24,2026-09-01T21:05:36Z,25.199560,54.379940,10.7,121.8
SYNTH_VESSEL_24,2026-09-01T21:09:36Z,25.193320,54.391046,10.7,122.9
SYNTH_VESSEL_24,2026-09-01T21:13:36Z,25.186843,54.402091,10.7,124.3
SYNTH_VESSEL_24,2026-09-01T21:17:36Z,25.180142,54.412949,10.6,125.0
SYNTH_VESSEL_24,2026-09-01T21:21:36Z,25.173374,54.423637,10.7,126.0
SYNTH_VESSEL_24,2026-09-01T21:25:36Z,25.166379,54.434273,10.8,127.2
SYNTH_VESSEL_24,2026-09-01T21:29:36Z,25.159125,54.444835,10.9,128.6
SYNTH_VESSEL_24,2026-09-01T21:33:36Z,25.151617,54.455237,10.9,130.0
SYNTH_VESSEL_24,2026-09-01T21:37:36Z,25.143847,54.465481,11.0,131.1
SYNTH_VESSEL_24,2026-09-01T21:41:36Z,25.135814,54.475659,11.0,132.6
SYNTH_VESSEL_24,2026-09-01T21:45:36Z,25.127526,54.485630,11.0,133.3
SYNTH_VESSEL_24,2026-09-01T21:49:36Z,25.119181,54.495398,11.0,134.7
SYNTH_VESSEL_24,2026-09-01T21:53:36Z,25.110575,54.505004,11.0,135.8
SYNTH_VESSEL_24,2026-09-01T21:57:36Z,25.101787,54.514434,11.1,136.4
SYNTH_VESSEL_24,2026-09-01T22:01:36Z,25.092830,54.523840,11.0,138.0
SYNTH_VESSEL_24,2026-09-01T22:05:36Z,25.083745,54.532872,10.9,139.5
SYNTH_VESSEL_24,2026-09-01T22:09:36Z,25.074564,54.541523,11.0,140.8
SYNTH_VESSEL_24,2026-09-01T22:13:36Z,25.065095,54.550050,11.1,141.7
SYNTH_VESSEL_24,2026-09-01T22:17:36Z,25.055436,54.558462,11.1,143.3
SYNTH_VESSEL_24,2026-09-01T22:21:36Z,25.045550,54.566603,11.0,144.5
SYNTH_VESSEL_24,2026-09-01T22:25:36Z,25.035597,54.574449,10.9,145.5
SYNTH_VESSEL_24,2026-09-01T22:29:36Z,25.025639,54.582008,10.9,146.7
SYNTH_VESSEL_24,2026-09-01T22:33:36Z,25.015565,54.589323,10.8,147.3
SYNTH_VESSEL_24,2026-09-01T22:37:36Z,25.005445,54.596487,10.7,148.1
SYNTH_VESSEL_24,2026-09-01T22:41:36Z,24.995360,54.603401,10.8,149.2
SYNTH_VESSEL_24,2026-09-01T22:45:36Z,24.985037,54.610189,10.9,150.0
SYNTH_VESSEL_24,2026-09-01T22:49:36Z,24.974533,54.616883,10.9,150.6
SYNTH_VESSEL_24,2026-09-01T22:53:36Z,24.963976,54.623443,11.1,151.7
SYNTH_VESSEL_24,2026-09-01T22:57:36Z,24.953160,54.629862,10.9,152.5
SYNTH_VESSEL_24,2026-09-01T23:01:36Z,24.942404,54.636040,11.0,153.3
SYNTH_VESSEL_24,2026-09-01T23:05:36Z,24.931490,54.642102,11.0,154.0
SYNTH_VESSEL_24,2026-09-01T23:09:36Z,24.920561,54.647976,11.0,155.4
SYNTH_VESSEL_24,2026-09-01T23:13:36Z,24.909490,54.653566,11.1,156.9
SYNTH_VESSEL_24,2026-09-01T23:17:36Z,24.898149,54.658886,11.0,157.7
SYNTH_VESSEL_24,2026-09-01T23:21:36Z,24.886816,54.664013,10.9,159.1
SYNTH_VESSEL_24,2026-09-01T23:25:36Z,24.875490,54.668779,11.0,160.4
SYNTH_VESSEL_24,2026-09-01T23:29:36Z,24.863998,54.673281,10.9,161.9
SYNTH_VESSEL_24,2026-09-01T23:33:36Z,24.852555,54.677394,10.7,163.1
SYNTH_VESSEL_24,2026-09-01T23:37:36Z,24.841166,54.681205,10.8,164.5
SYNTH_VESSEL_24,2026-09-01T23:41:36Z,24.829656,54.684722,10.8,165.5
SYNTH_VESSEL_24,2026-09-01T23:45:36Z,24.818035,54.688041,10.8,166.2
SYNTH_VESSEL_24,2026-09-01T23:49:36Z,24.806353,54.691198,11.0,167.0
SYNTH_VESSEL_24,2026-09-01T23:53:36Z,24.794509,54.694206,10.8,167.8
SYNTH_VESSEL_24,2026-09-01T23:57:36Z,24.782747,54.697002,10.7,169.4
SYNTH_VESSEL_24,2026-09-02T00:01:36Z,24.771030,54.699424,10.7,170.3
SYNTH_VESSEL_24,2026-09-02T00:05:36Z,24.759346,54.701618,10.8,171.7
SYNTH_VESSEL_24,2026-09-02T00:09:36Z,24.747528,54.703519,10.7,173.1
SYNTH_VESSEL_24,2026-09-02T00:13:36Z,24.735736,54.705098,10.7,174.6
SYNTH_VESSEL_24,2026-09-02T00:17:36Z,24.723879,54.706324,10.8,175.7
SYNTH_VESSEL_24,2026-09-02T00:21:36Z,24.711960,54.707308,10.8,176.5
SYNTH_VESSEL_24,2026-09-02T00:25:36Z,24.700033,54.708119,10.7,177.5
SYNTH_VESSEL_24,2026-09-02T00:29:36Z,24.688137,54.708684,10.8,178.6
SYNTH_VESSEL_24,2026-09-02T00:33:36Z,24.676175,54.708994,10.8,179.6
SYNTH_VESSEL_24,2026-09-02T00:37:36Z,24.664207,54.709095,10.7,180.4
SYNTH_VESSEL_24,2026-09-02T00:41:36Z,24.652368,54.709012,10.5,181.8
SYNTH_VESSEL_24,2026-09-02T00:45:36Z,24.640678,54.708616,10.7,183.2
SYNTH_VESSEL_24,2026-09-02T00:49:36Z,24.628845,54.707884,10.8,184.4
SYNTH_VESSEL_24,2026-09-02T00:53:36Z,24.616913,54.706880,10.6,185.3
SYNTH_VESSEL_24,2026-09-02T00:57:36Z,24.605163,54.705681,10.7,186.2
SYNTH_VESSEL_24,2026-09-02T01:01:36Z,24.593414,54.704269,10.6,187.7
SYNTH_VESSEL_24,2026-09-02T01:05:36Z,24.581787,54.702539,10.7,188.3
SYNTH_VESSEL_24,2026-09-02T01:09:36Z,24.570021,54.700652,10.8,189.5
SYNTH_VESSEL_24,2026-09-02T01:13:36Z,24.558178,54.698461,10.8,190.6
SYNTH_VESSEL_24,2026-09-02T01:17:36Z,24.546441,54.696050,10.8,191.9
SYNTH_VESSEL_24,2026-09-02T01:21:36Z,24.534766,54.693341,10.8,193.5
SYNTH_VESSEL_24,2026-09-02T01:25:36Z,24.523103,54.690269,10.7,194.2
SYNTH_VESSEL_24,2026-09-02T01:29:36Z,24.511584,54.687072,10.6,194.8
SYNTH_VESSEL_24,2026-09-02T01:33:36Z,24.500190,54.683762,10.5,195.9
SYNTH_VESSEL_24,2026-09-02T01:37:36Z,24.488972,54.680258,10.4,197.3
SYNTH_VESSEL_25,2026-09-01T17:09:24Z,25.368920,54.446144,6.3,49.0
SYNTH_VESSEL_25,2026-09-01T17:13:24Z,25.373513,54.451983,6.2,47.8
SYNTH_VESSEL_25,2026-09-01T17:17:24Z,25.378156,54.457644,6.4,46.1
SYNTH_VESSEL_25,2026-09-01T17:21:24Z,25.383054,54.463268,6.2,44.0
SYNTH_VESSEL_25,2026-09-01T17:25:24Z,25.388018,54.468583,6.3,42.9
SYNTH_VESSEL_25,2026-09-01T17:29:24Z,25.393134,54.473855,6.3,41.8
SYNTH_VESSEL_25,2026-09-01T17:33:24Z,25.398363,54.479030,6.3,40.1
SYNTH_VESSEL_25,2026-09-01T17:37:24Z,25.403734,54.484029,6.5,38.2
SYNTH_VESSEL_25,2026-09-01T17:41:24Z,25.409372,54.488949,6.6,36.7
SYNTH_VESSEL_25,2026-09-01T17:45:24Z,25.415212,54.493771,6.6,34.6
SYNTH_VESSEL_25,2026-09-01T17:49:24Z,25.421277,54.498402,6.6,33.0
SYNTH_VESSEL_25,2026-09-01T17:53:24Z,25.427423,54.502817,6.5,30.9
SYNTH_VESSEL_25,2026-09-01T17:57:24Z,25.433643,54.506938,6.6,29.8
SYNTH_VESSEL_25,2026-09-01T18:01:24Z,25.439951,54.510939,6.7,28.0
SYNTH_VESSEL_25,2026-09-01T18:05:24Z,25.446476,54.514781,6.7,26.0
SYNTH_VESSEL_25,2026-09-01T18:09:24Z,25.453141,54.518378,6.6,24.7
SYNTH_VESSEL_25,2026-09-01T18:13:24Z,25.459766,54.521750,6.5,23.1
SYNTH_VESSEL_25,2026-09-01T18:17:24Z,25.466364,54.524870,6.4,21.0
SYNTH_VESSEL_25,2026-09-01T18:21:24Z,25.473010,54.527698,6.5,19.6
SYNTH_VESSEL_25,2026-09-01T18:25:24Z,25.479844,54.530397,6.6,17.5
SYNTH_VESSEL_25,2026-09-01T18:29:24Z,25.486810,54.532835,6.6,15.7
SYNTH_VESSEL_25,2026-09-01T18:33:24Z,25.493882,54.535034,6.6,14.2
SYNTH_VESSEL_25,2026-09-01T18:37:24Z,25.500966,54.537021,6.7,12.4
SYNTH_VESSEL_25,2026-09-01T18:41:24Z,25.508216,54.538786,6.6,10.9
SYNTH_VESSEL_25,2026-09-01T18:45:24Z,25.515448,54.540333,6.8,9.0
SYNTH_VESSEL_25,2026-09-01T18:49:24Z,25.522879,54.541636,6.9,7.7
SYNTH_VESSEL_25,2026-09-01T18:53:24Z,25.530465,54.542779,6.8,5.7
SYNTH_VESSEL_25,2026-09-01T18:57:24Z,25.537988,54.543608,6.8,3.8
SYNTH_VESSEL_25,2026-09-01T19:01:24Z,25.545546,54.544167,6.7,2.3
SYNTH_VESSEL_25,2026-09-01T19:05:24Z,25.552983,54.544492,6.8,0.3
SYNTH_VESSEL_25,2026-09-01T19:09:24Z,25.560507,54.544531,6.7,358.2
SYNTH_VESSEL_25,2026-09-01T19:13:24Z,25.567909,54.544272,6.6,357.0
SYNTH_VESSEL_25,2026-09-01T19:17:24Z,25.575260,54.543843,6.7,354.9
SYNTH_VESSEL_25,2026-09-01T19:21:24Z,25.582627,54.543109,6.7,353.2
SYNTH_VESSEL_25,2026-09-01T19:25:24Z,25.589993,54.542141,6.7,351.4
SYNTH_VESSEL_25,2026-09-01T19:29:24Z,25.597309,54.540914,6.7,349.5
SYNTH_VESSEL_25,2026-09-01T19:33:24Z,25.604609,54.539409,6.8,348.1
SYNTH_VESSEL_25,2026-09-01T19:37:24Z,25.611940,54.537692,6.8,346.8
SYNTH_VESSEL_25,2026-09-01T19:41:24Z,25.619250,54.535786,6.9,345.1
SYNTH_VESSEL_25,2026-09-01T19:45:24Z,25.626598,54.533624,6.9,343.5
SYNTH_VESSEL_25,2026-09-01T19:49:24Z,25.633928,54.531212,7.0,341.6
SYNTH_VESSEL_25,2026-09-01T19:53:24Z,25.641341,54.528483,7.1,339.6
SYNTH_VESSEL_25,2026-09-01T19:57:24Z,25.648724,54.525434,7.1,337.8
SYNTH_VESSEL_25,2026-09-01T20:01:24Z,25.656052,54.522121,7.3,335.7
SYNTH_VESSEL_25,2026-09-01T20:05:24Z,25.663397,54.518444,7.3,334.6
SYNTH_VESSEL_25,2026-09-01T20:09:24Z,25.670677,54.514617,7.3,333.3
SYNTH_VESSEL_25,2026-09-01T20:13:24Z,25.677890,54.510583,7.4,331.6
SYNTH_VESSEL_25,2026-09-01T20:17:24Z,25.685127,54.506249,7.6,329.6
SYNTH_VESSEL_25,2026-09-01T20:21:24Z,25.692362,54.501540,7.6,328.4
SYNTH_VESSEL_25,2026-09-01T20:25:24Z,25.699504,54.496657,7.7,326.9
SYNTH_VESSEL_25,2026-09-01T20:29:24Z,25.706662,54.491477,7.8,325.3
SYNTH_VESSEL_25,2026-09-01T20:33:24Z,25.713819,54.485978,7.9,323.6
SYNTH_VESSEL_25,2026-09-01T20:37:24Z,25.720835,54.480244,7.9,321.9
SYNTH_VESSEL_25,2026-09-01T20:41:24Z,25.727693,54.474279,8.0,320.2
SYNTH_VESSEL_25,2026-09-01T20:45:24Z,25.734511,54.467973,8.0,318.5
SYNTH_VESSEL_25,2026-09-01T20:49:24Z,25.741148,54.461462,7.9,317.0
SYNTH_VESSEL_25,2026-09-01T20:53:24Z,25.747598,54.454794,7.8,315.8
SYNTH_VESSEL_25,2026-09-01T20:57:24Z,25.753836,54.448058,7.9,313.8
SYNTH_VESSEL_25,2026-09-01T21:01:24Z,25.759887,54.441054,7.8,312.5
SYNTH_VESSEL_25,2026-09-01T21:05:24Z,25.765762,54.433933,7.9,311.1
SYNTH_VESSEL_25,2026-09-01T21:09:24Z,25.771541,54.426565,7.8,309.9
SYNTH_VESSEL_25,2026-09-01T21:13:24Z,25.777121,54.419155,7.8,308.1
SYNTH_VESSEL_25,2026-09-01T21:17:24Z,25.782452,54.411619,7.8,306.2
SYNTH_VESSEL_25,2026-09-01T21:21:24Z,25.787558,54.403869,7.9,304.7
SYNTH_VESSEL_25,2026-09-01T21:25:24Z,25.792573,54.395829,8.0,303.1
SYNTH_VESSEL_25,2026-09-01T21:29:24Z,25.797394,54.387603,8.0,301.3
SYNTH_VESSEL_25,2026-09-01T21:33:24Z,25.802014,54.379169,7.9,300.1
SYNTH_VESSEL_25,2026-09-01T21:37:24Z,25.806428,54.370723,7.9,298.6
SYNTH_VESSEL_25,2026-09-01T21:41:24Z,25.810603,54.362229,7.9,297.3
SYNTH_VESSEL_25,2026-09-01T21:45:24Z,25.814610,54.353602,7.9,296.1
SYNTH_VESSEL_25,2026-09-01T21:49:24Z,25.818454,54.344896,7.9,294.7
SYNTH_VESSEL_25,2026-09-01T21:53:24Z,25.822099,54.336072,7.8,293.1
SYNTH_VESSEL_25,2026-09-01T21:57:24Z,25.825484,54.327242,7.6,291.7
SYNTH_VESSEL_25,2026-09-01T22:01:24Z,25.828624,54.318495,7.6,289.7
SYNTH_VESSEL_25,2026-09-01T22:05:24Z,25.831486,54.309634,7.7,287.8
SYNTH_VESSEL_25,2026-09-01T22:09:24Z,25.834079,54.300642,7.7,286.5
SYNTH_VESSEL_25,2026-09-01T22:13:24Z,25.836513,54.291505,7.8,284.7
SYNTH_VESSEL_25,2026-09-01T22:17:24Z,25.838701,54.282230,7.8,283.5
SYNTH_VESSEL_25,2026-09-01T22:21:24Z,25.840736,54.272829,7.8,281.8
SYNTH_VESSEL_25,2026-09-01T22:25:24Z,25.842492,54.263479,7.7,280.3
VESSEL_B,2026-09-01T20:46:00Z,25.331000,54.501000,10.1,85.5
VESSEL_B,2026-09-01T20:42:00Z,25.332000,54.502000,10.0,86.0
VESSEL_C,2026-09-01T20:36:00Z,25.301000,54.451000,11.1,269.5
VESSEL_C,2026-09-01T20:44:00Z,25.302000,54.452000,11.0,269.0
VESSEL_D,2026-09-01T20:14:00Z,25.598100,54.697500,9.1,180.5
VESSEL_D,2026-09-01T20:18:00Z,25.596200,54.695000,9.0,181.0
VESSEL_E,2026-09-01T21:56:00Z,25.103000,54.203000,8.1,179.5
VESSEL_E,2026-09-01T21:52:00Z,25.106000,54.206000,8.0,179.0
